runID,location,customer_type,demand_charge,export_price,export_price_type,battery_size_kWh,battery_power_kW,min_soc,max_soc,one_way_efficiency,start_soc,n_horizon,n_control,old_energy_charge,new_energy_charge,energy_charge_savings,old_demand_charge,new_demand_charge,demand_charge_savings,retail_profits,battery_charge_cost,battery_discharge_revenues,battery_retail_profits,battery_export_revenue,total_profits,irr,npv,$/kW,$/kWh
1,CA_San.Francisco.Intl,Office,10,0,None,2000,500,0.05,1,0.92,0.5,24,12,-513932.8354,-512250.0157,1682.819655,-134927.6761,-104852.9387,30074.73733,31757.55699,-74365.31717,76048.13682,1682.819655,0,31757.55699,-0.07254,-378338.907,,
2,CA_San.Francisco.Intl,Office,10,0.10531,Retail,2000,500,0.05,1,0.92,0.5,24,12,-513932.8354,-519930.972,-5998.136642,-134927.6761,-104852.9387,30074.73733,24076.60069,-77413.98935,71415.85271,-5998.136642,8205.915904,32282.5166,-0.07053,-374146.783,,
3,CA_San.Francisco.Intl,Office,10,0.032141,LMPs,2000,500,0.05,1,0.92,0.5,24,12,-513932.8354,-512311.7587,1621.076663,-134927.6761,-104852.9387,30074.73733,31695.814,-74365.31717,75986.39383,1621.076663,103.2833321,31799.09733,-0.07238,-378007.182,,
4,CA_San.Francisco.Intl,Office,10,0.0482115,150% LMPs,2000,500,0.05,1,0.92,0.5,24,12,-513932.8354,-512640.4441,1292.391247,-134927.6761,-104852.9387,30074.73733,31367.12858,-74562.2094,75854.60064,1292.391247,518.8427765,31885.97136,-0.07204,-377313.44,,
5,CA_San.Francisco.Intl,Office,10,0.064282,200% LMPs,2000,500,0.05,1,0.92,0.5,24,12,-513932.8354,-514079.1087,-146.2732859,-134927.6761,-104852.9387,30074.73733,29928.46405,-75291.03526,75144.76197,-146.2732859,2300.557508,32229.02155,-0.07073,-374573.974,,
6,CA_San.Francisco.Intl,Office,10,0,None,1000,250,0.05,1,0.92,0.5,24,12,-513932.8354,-511351.5135,2581.321911,-134927.6761,-115495.7911,19431.88493,22013.20684,-38419.28608,41000.60799,2581.321911,0,22013.20684,-0.03056,-140184.903,,
7,CA_San.Francisco.Intl,Office,10,0.10531,Retail,1000,250,0.05,1,0.92,0.5,24,12,-513932.8354,-511345.4089,2587.426435,-134927.6761,-115495.7911,19431.88493,22019.31137,-38413.18156,41000.60799,2587.426435,-1.17E-13,22019.31137,-0.03052,-140137.364,,
8,CA_San.Francisco.Intl,Office,10,0.032141,LMPs,1000,250,0.05,1,0.92,0.5,24,12,-513932.8354,-511354.404,2578.431324,-134927.6761,-115495.7911,19431.88493,22010.31626,-38419.28608,40997.7174,2578.431324,4.296302159,22014.61256,-0.03055,-140173.956,,
9,CA_San.Francisco.Intl,Office,10,0.0482115,150% LMPs,1000,250,0.05,1,0.92,0.5,24,12,-513932.8354,-511357.9042,2574.931213,-134927.6761,-115495.7911,19431.88493,22006.81615,-38419.28608,40994.21729,2574.931213,10.06358114,22016.87973,-0.03053,-140156.3,,
10,CA_San.Francisco.Intl,Office,10,0.064282,200% LMPs,1000,250,0.05,1,0.92,0.5,24,12,-513932.8354,-511386.4472,2546.388124,-134927.6761,-115495.7911,19431.88493,21978.27306,-38413.18156,40959.56968,2546.388124,53.79488226,22032.06794,-0.03044,-140038.022,,
11,CA_San.Francisco.Intl,Office,10,0,None,400,100,0.05,1,0.92,0.5,24,12,-513932.8354,-511983.7173,1949.118044,-134927.6761,-123695.9608,11231.71523,13180.83327,-15141.15639,17090.27443,1949.118044,0,13180.83327,0.02247,-25698.146,,
12,CA_San.Francisco.Intl,Office,10,0.10531,Retail,400,100,0.05,1,0.92,0.5,24,12,-513932.8354,-511983.7173,1949.118044,-134927.6761,-123695.9608,11231.71523,13180.83327,-15141.15639,17090.27443,1949.118044,0,13180.83327,0.02247,-25698.146,,
13,CA_San.Francisco.Intl,Office,10,0.032141,LMPs,400,100,0.05,1,0.92,0.5,24,12,-513932.8354,-511983.7173,1949.118044,-134927.6761,-123695.9608,11231.71523,13180.83327,-15141.15639,17090.27443,1949.118044,0,13180.83327,0.02247,-25698.146,,
14,CA_San.Francisco.Intl,Office,10,0.0482115,150% LMPs,400,100,0.05,1,0.92,0.5,24,12,-513932.8354,-511983.7173,1949.118044,-134927.6761,-123695.9608,11231.71523,13180.83327,-15141.15639,17090.27443,1949.118044,0,13180.83327,0.02247,-25698.146,,
15,CA_San.Francisco.Intl,Office,10,0.064282,200% LMPs,400,100,0.05,1,0.92,0.5,24,12,-513932.8354,-511983.7173,1949.118044,-134927.6761,-123695.9608,11231.71523,13180.83327,-15141.15639,17090.27443,1949.118044,0,13180.83327,0.02247,-25698.146,,
16,CA_San.Francisco.Intl,Office,10,0,None,200,50,0.05,1,0.92,0.5,24,12,-513932.8354,-512376.4604,1556.374995,-134927.6761,-128927.6761,6000,7556.374995,-7463.476289,9019.851284,1556.374995,0,7556.374995,0.04096,-6694.761,,
17,CA_San.Francisco.Intl,Office,10,0.10531,Retail,200,50,0.05,1,0.92,0.5,24,12,-513932.8354,-512376.4604,1556.374995,-134927.6761,-128927.6761,6000,7556.374995,-7463.476289,9019.851284,1556.374995,0,7556.374995,0.04096,-6694.761,,
18,CA_San.Francisco.Intl,Office,10,0.032141,LMPs,200,50,0.05,1,0.92,0.5,24,12,-513932.8354,-512376.4611,1556.374288,-134927.6761,-128927.6761,6000,7556.374288,-7463.468645,9019.842934,1556.374288,0,7556.374288,0.04096,-6694.766,,
19,CA_San.Francisco.Intl,Office,10,0.0482115,150% LMPs,200,50,0.05,1,0.92,0.5,24,12,-513932.8354,-512376.4604,1556.374995,-134927.6761,-128927.6761,6000,7556.374995,-7463.476289,9019.851284,1556.374995,0,7556.374995,0.04096,-6694.761,,
20,CA_San.Francisco.Intl,Office,10,0.064282,200% LMPs,200,50,0.05,1,0.92,0.5,24,12,-513932.8354,-512376.4604,1556.374995,-134927.6761,-128927.6761,6000,7556.374995,-7463.476289,9019.851284,1556.374995,0,7556.374995,0.04096,-6694.761,,
21,CA_San.Francisco.Intl,Office,10,0,None,100,25,0.05,1,0.92,0.5,24,12,-513932.8354,-513059.582,873.2533437,-134927.6761,-131927.6761,3000,3873.253344,-3665.870177,4539.123521,873.2533437,0,3873.253344,0.04444,-2747.645,,
22,CA_San.Francisco.Intl,Office,10,0.10531,Retail,100,25,0.05,1,0.92,0.5,24,12,-513932.8354,-513059.582,873.2533437,-134927.6761,-131927.6761,3000,3873.253344,-3665.870177,4539.123521,873.2533437,0,3873.253344,0.04444,-2747.645,,
23,CA_San.Francisco.Intl,Office,10,0.032141,LMPs,100,25,0.05,1,0.92,0.5,24,12,-513932.8354,-513059.582,873.2533437,-134927.6761,-131927.6761,3000,3873.253344,-3665.870177,4539.123521,873.2533437,0,3873.253344,0.04444,-2747.645,,
24,CA_San.Francisco.Intl,Office,20,0,None,100,25,0.05,1,0.92,0.5,24,12,-513932.8354,-513059.582,873.2533437,-269855.3521,-263855.3521,6000,6873.253344,-3665.870177,4539.123521,873.2533437,0,6873.253344,0.14288,16178.256,,
25,CA_San.Francisco.Intl,Office,20,0.10531,Retail,100,25,0.05,1,0.92,0.5,24,12,-513932.8354,-513059.582,873.2533437,-269855.3521,-263855.3521,6000,6873.253344,-3665.870177,4539.123521,873.2533437,0,6873.253344,0.14288,16178.256,,
26,CA_San.Francisco.Intl,Office,20,0.032141,LMPs,100,25,0.05,1,0.92,0.5,24,12,-513932.8354,-513059.582,873.2533437,-269855.3521,-263855.3521,6000,6873.253344,-3665.870177,4539.123521,873.2533437,0,6873.253344,0.14288,16178.256,,
27,CA_San.Francisco.Intl,Office,20,0,None,200,50,0.05,1,0.92,0.5,24,12,-513932.8354,-512376.4611,1556.374288,-269855.3521,-257855.3521,12000,13556.37429,-7463.468645,9019.842934,1556.374288,0,13556.37429,0.14,31157.037,,
28,CA_San.Francisco.Intl,Office,20,0.10531,Retail,200,50,0.05,1,0.92,0.5,24,12,-513932.8354,-512376.4604,1556.374995,-269855.3521,-257855.3521,12000,13556.37499,-7463.476289,9019.851284,1556.374995,0,13556.37499,0.14,31157.042,,
29,CA_San.Francisco.Intl,Office,20,0.032141,LMPs,200,50,0.05,1,0.92,0.5,24,12,-513932.8354,-512376.4604,1556.374995,-269855.3521,-257855.3521,12000,13556.37499,-7463.476289,9019.851284,1556.374995,0,13556.37499,0.14,31157.042,,
30,CA_San.Francisco.Intl,Office,20,0,None,400,100,0.05,1,0.92,0.5,24,12,-513932.8354,-511983.7173,1949.118044,-269855.3521,-247391.9217,22463.43045,24412.5485,-15141.15639,17090.27443,1949.118044,0,24412.5485,0.11916,45279.501,,
31,CA_San.Francisco.Intl,Office,20,0.10531,Retail,400,100,0.05,1,0.92,0.5,24,12,-513932.8354,-511983.7173,1949.118044,-269855.3521,-247391.9217,22463.43045,24412.5485,-15141.15639,17090.27443,1949.118044,0,24412.5485,0.11916,45279.501,,
32,CA_San.Francisco.Intl,Office,20,0.032141,LMPs,400,100,0.05,1,0.92,0.5,24,12,-513932.8354,-511983.7173,1949.118044,-269855.3521,-247391.9217,22463.43045,24412.5485,-15141.15639,17090.27443,1949.118044,0,24412.5485,0.11916,45279.501,,
33,CA_San.Francisco.Intl,Office,20,0,None,400,200,0.05,1,0.92,0.5,24,12,-513932.8354,-512022.8514,1909.983998,-269855.3521,-245068.1245,24787.22757,26697.21157,-15142.40372,17052.38772,1909.983998,0,26697.21157,0.13683,59692.603,,
34,CA_San.Francisco.Intl,Office,20,0.10531,Retail,400,200,0.05,1,0.92,0.5,24,12,-513932.8354,-512022.8514,1909.983998,-269855.3521,-245068.1245,24787.22757,26697.21157,-15142.40372,17052.38772,1909.983998,0,26697.21157,0.13683,59692.603,,
35,CA_San.Francisco.Intl,Office,20,0.032141,LMPs,400,200,0.05,1,0.92,0.5,24,12,-513932.8354,-512022.8514,1909.983998,-269855.3521,-245068.1245,24787.22757,26697.21157,-15142.40372,17052.38772,1909.983998,0,26697.21157,0.13683,59692.603,,
36,CA_San.Francisco.Intl,Office,20,0,None,1000,500,0.05,1,0.92,0.5,24,12,-513932.8354,-511353.549,2579.286324,-269855.3521,-230991.5822,38863.76986,41443.05619,-38422.99617,41002.28249,2579.286324,0,41443.05619,0.05419,-10376.755,,
37,CA_San.Francisco.Intl,Office,20,0.10531,Retail,1000,500,0.05,1,0.92,0.5,24,12,-513932.8354,-514086.6354,-153.800053,-269855.3521,-230991.5822,38863.76986,38709.96981,-38422.99617,38269.19612,-153.800053,2733.086377,41443.05619,0.05419,-10376.755,,
38,CA_San.Francisco.Intl,Office,20,0.032141,LMPs,1000,500,0.05,1,0.92,0.5,24,12,-513932.8354,-511400.3744,2532.460963,-269855.3521,-230991.5822,38863.76986,41396.23083,-38422.99617,40955.45713,2532.460963,74.98424117,41471.21507,0.05429,-10199.111,,
39,CA_San.Francisco.Intl,Office,20,0,None,1000,500,0.05,1,0.92,0.5,24,12,-513932.8354,-511353.549,2579.286324,-269855.3521,-230991.5822,38863.76986,41443.05619,-38422.99617,41002.28249,2579.286324,0,41443.05619,0.05419,-10376.755,,
40,CA_San.Francisco.Intl,Office,20,0.10531,Retail,1000,500,0.05,1,0.92,0.5,24,12,-513932.8354,-514067.5956,-134.760193,-269855.3521,-230991.5822,38863.76986,38729.00967,-38422.99617,38288.23598,-134.760193,2714.046517,41443.05619,0.05419,-10376.755,,
41,CA_San.Francisco.Intl,Office,20,0.032141,LMPs,1000,500,0.05,1,0.92,0.5,24,12,-513932.8354,-511400.3744,2532.460963,-269855.3521,-230991.5822,38863.76986,41396.23083,-38422.99617,40955.45713,2532.460963,74.98424117,41471.21507,0.05429,-10199.111,,
42,CA_San.Francisco.Intl,Office,20,0.15,Low flat,1000,500,0.05,1,0.92,0.5,24,12,-513932.8354,-564806.372,-50873.53664,-269855.3521,-230991.5822,38863.76986,-12009.76678,-115237.3261,64363.78945,-50873.53664,57945.47262,45935.70584,0.06987,17965.726,,
43,CA_San.Francisco.Intl,Office,20,0,None,100,50,0.05,1,0.92,0.5,24,12,-513932.8354,-513193.9128,738.9225561,-269855.3521,-258023.1414,11832.21067,12571.13323,-3799.029486,4537.952042,738.9225561,0,12571.13323,0.30472,52124.094,,
44,CA_San.Francisco.Intl,Office,20,0,None,200,100,0.05,1,0.92,0.5,24,12,-513932.8354,-512722.9163,1209.919026,-269855.3521,-251767.358,18087.99413,19297.91316,-7532.026192,8741.945218,1209.919026,0,19297.91316,0.22378,67378.304,,
45,CA_San.Francisco.Intl,Office,20,0,None,300,150,0.05,1,0.92,0.5,24,12,-513932.8354,-512323.3977,1609.437708,-269855.3521,-247946.064,21909.28811,23518.72582,-11311.78643,12921.22414,1609.437708,0,23518.72582,0.17172,66823.283,,
46,CA_San.Francisco.Intl,Office,20,0,None,400,200,0.05,1,0.92,0.5,24,12,-513932.8354,-512022.8514,1909.983998,-269855.3521,-245068.1245,24787.22757,26697.21157,-15142.40372,17052.38772,1909.983998,0,26697.21157,0.13683,59692.603,,
47,CA_San.Francisco.Intl,Office,20,0,None,500,250,0.05,1,0.92,0.5,24,12,-513932.8354,-511813.0769,2119.758429,-269855.3521,-242476.0534,27379.29866,29499.05709,-18989.41618,21109.17461,2119.758429,0,29499.05709,0.11276,50185.839,,
48,CA_San.Francisco.Intl,Office,20,0,None,600,300,0.05,1,0.92,0.5,24,12,-513932.8354,-511677.5017,2255.333666,-269855.3521,-240039.4156,29815.9365,32071.27016,-22883.28638,25138.62004,2255.333666,0,32071.27016,0.09496,39230.407,,
49,CA_San.Francisco.Intl,Office,20,0,None,700,350,0.05,1,0.92,0.5,24,12,-513932.8354,-511568.7014,2364.133981,-269855.3521,-237687.8721,32167.48003,34531.61401,-26757.29894,29121.43293,2364.133981,0,34531.61401,0.08136,27569.233,,
50,CA_San.Francisco.Intl,Office,20,0,None,800,400,0.05,1,0.92,0.5,24,12,-513932.8354,-511475.8197,2457.015632,-269855.3521,-235431.3767,34423.97544,36880.99108,-30638.36336,33095.37899,2457.015632,0,36880.99108,0.07044,15208.011,,
51,CA_San.Francisco.Intl,Office,20,0,None,900,450,0.05,1,0.92,0.5,24,12,-513932.8354,-511402.6981,2530.1373,-269855.3521,-233189.5952,36665.75693,39195.89423,-34520.46852,37050.60582,2530.1373,0,39195.89423,0.06162,2629.305,,
52,CA_San.Francisco.Intl,Office,20,0,None,1000,500,0.05,1,0.92,0.5,24,12,-513932.8354,-511353.549,2579.286324,-269855.3521,-230991.5822,38863.76986,41443.05619,-38422.99617,41002.28249,2579.286324,0,41443.05619,0.05419,-10376.755,,
53,CA_San.Francisco.Intl,Office,20,0,None,1200,600,0.05,1,0.92,0.5,24,12,-513932.8354,-511290.6487,2642.186683,-269855.3521,-226636.6002,43218.75192,45860.9386,-46205.20583,48847.39251,2642.186683,0,45860.9386,0.04256,-36871.117,,
54,CA_San.Francisco.Intl,Office,20,0,None,1500,750,0.05,1,0.92,0.5,24,12,-513932.8354,-511374.2117,2558.623646,-269855.3521,-220165.9946,49689.35755,52247.9812,-57678.99829,60237.62194,2558.623646,0,52247.9812,0.02987,-78251.196,,
55,CA_San.Francisco.Intl,Office,20,0,None,2000,1000,0.05,1,0.92,0.5,24,12,-513932.8354,-512213.449,1719.386361,-269855.3521,-209705.8774,60149.47467,61868.86103,-74390.7189,76110.10526,1719.386361,0,61868.86103,0.01416,-154764.13,,
56,CA_San.Francisco.Intl,Office,20,0,None,100,25,0.05,1,0.92,0.5,24,12,-513932.8354,-513059.582,873.2533437,-269855.3521,-263855.3521,6000,6873.253344,-3665.870177,4539.123521,873.2533437,0,6873.253344,0.14288,16178.256,,
57,CA_San.Francisco.Intl,Office,20,0,None,200,50,0.05,1,0.92,0.5,24,12,-513932.8354,-512376.4604,1556.374995,-269855.3521,-257855.3521,12000,13556.37499,-7463.476289,9019.851284,1556.374995,0,13556.37499,0.14,31157.042,,
58,CA_San.Francisco.Intl,Office,20,0,None,300,75,0.05,1,0.92,0.5,24,12,-513932.8354,-512079.5693,1853.26608,-269855.3521,-252038.2519,17817.1002,19670.36628,-11280.59014,13133.85622,1853.26608,0,19670.36628,0.13323,42545.392,,
59,CA_San.Francisco.Intl,Office,20,0,None,400,100,0.05,1,0.92,0.5,24,12,-513932.8354,-511983.7173,1949.118044,-269855.3521,-247391.9217,22463.43045,24412.5485,-15141.15639,17090.27443,1949.118044,0,24412.5485,0.11916,45279.501,,
60,CA_San.Francisco.Intl,Office,20,0,None,500,125,0.05,1,0.92,0.5,24,12,-513932.8354,-511823.4558,2109.379527,-269855.3521,-243891.7982,25963.55387,28072.93339,-19002.81508,21112.19461,2109.379527,0,28072.93339,0.10367,41188.946,,
61,CA_San.Francisco.Intl,Office,20,0,None,600,150,0.05,1,0.92,0.5,24,12,-513932.8354,-511674.6489,2258.186451,-269855.3521,-240765.5879,29089.76425,31347.9507,-22881.78202,25139.96848,2258.186451,0,31347.9507,0.09102,34667.249,,
62,CA_San.Francisco.Intl,Office,20,0,None,700,175,0.05,1,0.92,0.5,24,12,-513932.8354,-511558.4862,2374.349184,-269855.3521,-237983.8516,31871.50047,34245.84966,-26761.56363,29135.91281,2374.349184,0,34245.84966,0.07999,25766.451,,
63,CA_San.Francisco.Intl,Office,20,0,None,800,200,0.05,1,0.92,0.5,24,12,-513932.8354,-511472.7823,2460.053098,-269855.3521,-235431.3767,34423.97544,36884.02854,-30637.42282,33097.47592,2460.053098,0,36884.02854,0.07045,15227.173,,
64,CA_San.Francisco.Intl,Office,20,0,None,900,225,0.05,1,0.92,0.5,24,12,-513932.8354,-511400.1744,2532.661009,-269855.3521,-233189.5952,36665.75693,39198.41794,-34517.86067,37050.52168,2532.661009,0,39198.41794,0.06163,2645.226,,
65,CA_San.Francisco.Intl,Office,20,0,None,1000,250,0.05,1,0.92,0.5,24,12,-513932.8354,-511351.5135,2581.321911,-269855.3521,-230991.5822,38863.76986,41445.09178,-38419.28608,41000.60799,2581.321911,0,41445.09178,0.0542,-10363.914,,
66,CA_San.Francisco.Intl,Office,20,0,None,1200,300,0.05,1,0.92,0.5,24,12,-513932.8354,-511295.4745,2637.360901,-269855.3521,-226636.6002,43218.75192,45856.11282,-46210.03161,48847.39251,2637.360901,0,45856.11282,0.04254,-36901.561,,
67,CA_San.Francisco.Intl,Office,20,0,None,1500,375,0.05,1,0.92,0.5,24,12,-513932.8354,-511381.6983,2551.137019,-269855.3521,-220165.9946,49689.35755,52240.49457,-57680.10969,60231.24671,2551.137019,0,52240.49457,0.02985,-78298.807,,
68,CA_San.Francisco.Intl,Office,20,0,None,2000,500,0.05,1,0.92,0.5,24,12,-513932.8354,-512250.0157,1682.819655,-269855.3521,-209705.8774,60149.47467,61832.29432,-74365.31717,76048.13682,1682.819655,0,61832.29432,0.01408,-155003.607,,
69,CA_San.Francisco.Intl,Office,20,0.10531,Retail,100,50,0.05,1,0.92,0.5,24,12,-513932.8354,-513193.9135,738.9218497,-269855.3521,-258023.1414,11832.21067,12571.13252,-3799.021843,4537.943693,738.9218497,0,12571.13252,0.30472,52124.09,,
70,CA_San.Francisco.Intl,Office,20,0.10531,Retail,200,100,0.05,1,0.92,0.5,24,12,-513932.8354,-512722.9163,1209.919026,-269855.3521,-251767.358,18087.99413,19297.91316,-7532.026192,8741.945218,1209.919026,0,19297.91316,0.22378,67378.304,,
71,CA_San.Francisco.Intl,Office,20,0.10531,Retail,300,150,0.05,1,0.92,0.5,24,12,-513932.8354,-512323.3977,1609.437708,-269855.3521,-247946.064,21909.28811,23518.72582,-11311.78643,12921.22414,1609.437708,0,23518.72582,0.17172,66823.283,,
72,CA_San.Francisco.Intl,Office,20,0.10531,Retail,400,200,0.05,1,0.92,0.5,24,12,-513932.8354,-512022.8514,1909.983998,-269855.3521,-245068.1245,24787.22757,26697.21157,-15142.40372,17052.38772,1909.983998,0,26697.21157,0.13683,59692.603,,
73,CA_San.Francisco.Intl,Office,20,0.10531,Retail,500,250,0.05,1,0.92,0.5,24,12,-513932.8354,-511813.0769,2119.758429,-269855.3521,-242476.0534,27379.29866,29499.05709,-18989.41618,21109.17461,2119.758429,-2.50E-14,29499.05709,0.11276,50185.839,,
74,CA_San.Francisco.Intl,Office,20,0.10531,Retail,600,300,0.05,1,0.92,0.5,24,12,-513932.8354,-511759.6107,2173.224683,-269855.3521,-240039.4156,29815.9365,31989.16118,-22883.28638,25056.51106,2173.224683,82.10898322,32071.27016,0.09496,39230.407,,
75,CA_San.Francisco.Intl,Office,20,0.10531,Retail,700,350,0.05,1,0.92,0.5,24,12,-513932.8354,-511777.1209,2155.71444,-269855.3521,-237687.8721,32167.48003,34323.19447,-26757.29894,28913.01338,2155.71444,208.4195405,34531.61401,0.08136,27569.233,,
76,CA_San.Francisco.Intl,Office,20,0.10531,Retail,800,400,0.05,1,0.92,0.5,24,12,-513932.8354,-511952.0723,1980.763073,-269855.3521,-235431.3767,34423.97544,36404.73852,-30638.36336,32619.12643,1980.763073,476.2525584,36880.99108,0.07044,15208.011,,
77,CA_San.Francisco.Intl,Office,20,0.10531,Retail,900,450,0.05,1,0.92,0.5,24,12,-513932.8354,-512685.1199,1247.715418,-269855.3521,-233189.5952,36665.75693,37913.47235,-34520.46852,35768.18394,1247.715418,1282.421882,39195.89423,0.06162,2629.305,,
78,CA_San.Francisco.Intl,Office,20,0.10531,Retail,1000,500,0.05,1,0.92,0.5,24,12,-513932.8354,-514086.6354,-153.800053,-269855.3521,-230991.5822,38863.76986,38709.96981,-38422.99617,38269.19612,-153.800053,2733.086377,41443.05619,0.05419,-10376.755,,
79,CA_San.Francisco.Intl,Office,20,0.10531,Retail,1200,600,0.05,1,0.92,0.5,24,12,-513932.8354,-516149.7238,-2216.888417,-269855.3521,-226636.6002,43218.75192,41001.8635,-46205.20583,43988.31741,-2216.888417,4859.0751,45860.9386,0.04256,-36871.117,,
80,CA_San.Francisco.Intl,Office,20,0.10531,Retail,1500,750,0.05,1,0.92,0.5,24,12,-513932.8354,-519465.992,-5533.156632,-269855.3521,-220165.9946,49689.35755,44156.20092,-57968.9177,52435.76106,-5533.156632,8132.596419,52288.79734,0.02997,-77991.628,,
81,CA_San.Francisco.Intl,Office,20,0.10531,Retail,2000,1000,0.05,1,0.92,0.5,24,12,-513932.8354,-527449.064,-13516.22864,-269855.3521,-209705.8774,60149.47467,46633.24602,-77412.11748,63895.88884,-13516.22864,15725.87977,62359.1258,0.01519,-151553.361,,
82,CA_San.Francisco.Intl,Office,20,0.032141,LMPs,100,50,0.05,1,0.92,0.5,24,12,-513932.8354,-513193.9128,738.9225561,-269855.3521,-258023.1414,11832.21067,12571.13323,-3799.029486,4537.952042,738.9225561,0,12571.13323,0.30472,52124.094,,
83,CA_San.Francisco.Intl,Office,20,0.032141,LMPs,200,100,0.05,1,0.92,0.5,24,12,-513932.8354,-512722.9163,1209.919026,-269855.3521,-251767.358,18087.99413,19297.91316,-7532.026192,8741.945218,1209.919026,0,19297.91316,0.22378,67378.304,,
84,CA_San.Francisco.Intl,Office,20,0.032141,LMPs,300,150,0.05,1,0.92,0.5,24,12,-513932.8354,-512323.3977,1609.437708,-269855.3521,-247946.064,21909.28811,23518.72582,-11311.78643,12921.22414,1609.437708,0,23518.72582,0.17172,66823.283,,
85,CA_San.Francisco.Intl,Office,20,0.032141,LMPs,400,200,0.05,1,0.92,0.5,24,12,-513932.8354,-512022.8514,1909.983998,-269855.3521,-245068.1245,24787.22757,26697.21157,-15142.40372,17052.38772,1909.983998,0,26697.21157,0.13683,59692.603,,
86,CA_San.Francisco.Intl,Office,20,0.032141,LMPs,500,250,0.05,1,0.92,0.5,24,12,-513932.8354,-511815.9675,2116.867842,-269855.3521,-242476.0534,27379.29866,29496.1665,-18989.41618,21106.28402,2116.867842,4.296302159,29500.4628,0.11277,50194.707,,
87,CA_San.Francisco.Intl,Office,20,0.032141,LMPs,600,300,0.05,1,0.92,0.5,24,12,-513932.8354,-511687.9478,2244.887579,-269855.3521,-240039.4156,29815.9365,32060.82408,-22883.28638,25128.17396,2244.887579,15.52610016,32076.35018,0.09499,39262.455,,
88,CA_San.Francisco.Intl,Office,20,0.032141,LMPs,700,350,0.05,1,0.92,0.5,24,12,-513932.8354,-511586.703,2346.132394,-269855.3521,-237687.8721,32167.48003,34513.61243,-26757.29894,29103.43134,2346.132394,26.75589816,34540.36833,0.0814,27624.461,,
89,CA_San.Francisco.Intl,Office,20,0.032141,LMPs,800,400,0.05,1,0.92,0.5,24,12,-513932.8354,-511501.3768,2431.458544,-269855.3521,-235431.3767,34423.97544,36855.43399,-30638.36336,33069.8219,2431.458544,37.98569616,36893.41969,0.07049,15286.418,,
90,CA_San.Francisco.Intl,Office,20,0.032141,LMPs,900,450,0.05,1,0.92,0.5,24,12,-513932.8354,-511430.3188,2502.516604,-269855.3521,-233189.5952,36665.75693,39168.27353,-34520.46852,37022.98512,2502.516604,44.46059601,39212.73413,0.06169,2735.542,,
91,CA_San.Francisco.Intl,Office,20,0.032141,LMPs,1000,500,0.05,1,0.92,0.5,24,12,-513932.8354,-511400.3744,2532.460963,-269855.3521,-230991.5822,38863.76986,41396.23083,-38422.99617,40955.45713,2532.460963,74.98424117,41471.21507,0.05429,-10199.111,,
92,CA_San.Francisco.Intl,Office,20,0.032141,LMPs,1200,600,0.05,1,0.92,0.5,24,12,-513932.8354,-511378.9991,2553.836294,-269855.3521,-226636.6002,43218.75192,45772.58822,-46205.20583,48759.04212,2553.836294,140.542106,45913.13032,0.04271,-36541.859,,
93,CA_San.Francisco.Intl,Office,20,0.032141,LMPs,1500,750,0.05,1,0.92,0.5,24,12,-513932.8354,-511503.6126,2429.222803,-269855.3521,-220165.9946,49689.35755,52118.58035,-57678.99829,60108.22109,2429.222803,262.110397,52380.69075,0.03021,-77407.236,,
94,CA_San.Francisco.Intl,Office,20,0.032141,LMPs,2000,1000,0.05,1,0.92,0.5,24,12,-513932.8354,-512533.5056,1399.329781,-269855.3521,-209705.8774,60149.47467,61548.80445,-74405.74816,75805.07794,1399.329781,668.4788795,62217.28333,0.01489,-152482.294,,
95,CA_San.Francisco.Intl,Office,20,0.12,Low flat,100,50,0.05,1,0.92,0.5,24,12,-513932.8354,-513193.9135,738.9218497,-269855.3521,-258023.1414,11832.21067,12571.13252,-3799.021843,4537.943693,738.9218497,0,12571.13252,0.30472,52124.09,,
96,CA_San.Francisco.Intl,Office,20,0.12,Low flat,200,100,0.05,1,0.92,0.5,24,12,-513932.8354,-512722.9163,1209.919026,-269855.3521,-251767.358,18087.99413,19297.91316,-7532.026192,8741.945218,1209.919026,0,19297.91316,0.22378,67378.304,,
97,CA_San.Francisco.Intl,Office,20,0.12,Low flat,300,150,0.05,1,0.92,0.5,24,12,-513932.8354,-512323.3977,1609.437708,-269855.3521,-247946.064,21909.28811,23518.72582,-11311.78643,12921.22414,1609.437708,0,23518.72582,0.17172,66823.283,,
98,CA_San.Francisco.Intl,Office,20,0.12,Low flat,400,200,0.05,1,0.92,0.5,24,12,-513932.8354,-512022.8514,1909.983998,-269855.3521,-245068.1245,24787.22757,26697.21157,-15142.40372,17052.38772,1909.983998,-5.88E-15,26697.21157,0.13683,59692.603,,
99,CA_San.Francisco.Intl,Office,20,0.12,Low flat,500,250,0.05,1,0.92,0.5,24,12,-513932.8354,-511907.8754,2024.959988,-269855.3521,-242476.0534,27379.29866,29404.25864,-19211.52274,21236.48272,2024.959988,113.2319214,29517.49057,0.11288,50302.129,,
100,CA_San.Francisco.Intl,Office,20,0.12,Low flat,600,300,0.05,1,0.92,0.5,24,12,-513932.8354,-511816.7215,2116.113912,-269855.3521,-240039.4156,29815.9365,31932.05041,-23149.81425,25265.92816,2116.113912,183.3887214,32115.43913,0.0952,39509.053,,
101,CA_San.Francisco.Intl,Office,20,0.12,Low flat,700,350,0.05,1,0.92,0.5,24,12,-513932.8354,-511752.3425,2180.492893,-269855.3521,-237687.8721,32167.48003,34347.97293,-27068.24816,29248.74106,2180.492893,253.5455524,34601.51848,0.08169,28010.235,,
102,CA_San.Francisco.Intl,Office,20,0.12,Low flat,800,400,0.05,1,0.92,0.5,24,12,-513932.8354,-511703.8821,2228.953255,-269855.3521,-235431.3767,34423.97544,36652.9287,-30993.73385,33222.68711,2228.953255,323.7023214,36976.63102,0.07084,15811.368,,
103,CA_San.Francisco.Intl,Office,20,0.12,Low flat,900,450,0.05,1,0.92,0.5,24,12,-513932.8354,-511675.1818,2257.653611,-269855.3521,-233189.5952,36665.75693,38923.41054,-34920.26033,37177.91394,2257.653611,393.8591214,39317.26966,0.06209,3395.018,,
104,CA_San.Francisco.Intl,Office,20,0.12,Low flat,1000,500,0.05,1,0.92,0.5,24,12,-513932.8354,-511670.4541,2262.381296,-269855.3521,-230991.5822,38863.76986,41126.15116,-38867.20933,41129.59062,2262.381296,464.0159608,41590.16712,0.05472,-9448.686,,
105,CA_San.Francisco.Intl,Office,20,0.12,Low flat,1200,600,0.05,1,0.92,0.5,24,12,-513932.8354,-511714.6123,2218.223077,-269855.3521,-226636.6002,43218.75192,45436.975,-46783.84711,49002.07019,2218.223077,625.2531767,46062.22817,0.04317,-35601.255,,
106,CA_San.Francisco.Intl,Office,20,0.12,Low flat,1500,750,0.05,1,0.92,0.5,24,12,-513932.8354,-511950.1171,1982.718245,-269855.3521,-220165.9946,49689.35755,51672.07579,-58353.69066,60336.40891,1982.718245,857.0836659,52529.15946,0.03059,-76463.055,,
107,CA_San.Francisco.Intl,Office,20,0.12,Low flat,2000,1000,0.05,1,0.92,0.5,24,12,-513932.8354,-513013.4552,919.3802142,-269855.3521,-209705.8774,60149.47467,61068.85488,-74959.92752,75879.30773,919.3802142,1036.651418,62105.5063,0.01466,-153214.328,,
108,CA_San.Francisco.Intl,Office,20,0.10531,Retail,100,25,0.05,1,0.92,0.5,24,12,-513932.8354,-513059.582,873.2533437,-269855.3521,-263855.3521,6000,6873.253344,-3665.870177,4539.123521,873.2533437,0,6873.253344,0.14288,16178.256,,
109,CA_San.Francisco.Intl,Office,20,0.10531,Retail,200,50,0.05,1,0.92,0.5,24,12,-513932.8354,-512376.4604,1556.374995,-269855.3521,-257855.3521,12000,13556.37499,-7463.476289,9019.851284,1556.374995,0,13556.37499,0.14,31157.042,,
110,CA_San.Francisco.Intl,Office,20,0.10531,Retail,300,75,0.05,1,0.92,0.5,24,12,-513932.8354,-512079.5693,1853.26608,-269855.3521,-252038.2519,17817.1002,19670.36628,-11280.59014,13133.85622,1853.26608,0,19670.36628,0.13323,42545.392,,
111,CA_San.Francisco.Intl,Office,20,0.10531,Retail,400,100,0.05,1,0.92,0.5,24,12,-513932.8354,-511983.7173,1949.118044,-269855.3521,-247391.9217,22463.43045,24412.5485,-15141.15639,17090.27443,1949.118044,0,24412.5485,0.11916,45279.501,,
112,CA_San.Francisco.Intl,Office,20,0.10531,Retail,500,125,0.05,1,0.92,0.5,24,12,-513932.8354,-511823.4558,2109.379527,-269855.3521,-243891.7982,25963.55387,28072.93339,-19002.81508,21112.19461,2109.379527,0,28072.93339,0.10367,41188.946,,
113,CA_San.Francisco.Intl,Office,20,0.10531,Retail,600,150,0.05,1,0.92,0.5,24,12,-513932.8354,-511674.6489,2258.186451,-269855.3521,-240765.5879,29089.76425,31347.9507,-22881.78202,25139.96848,2258.186451,0,31347.9507,0.09102,34667.249,,
114,CA_San.Francisco.Intl,Office,20,0.10531,Retail,700,175,0.05,1,0.92,0.5,24,12,-513932.8354,-511558.4862,2374.349184,-269855.3521,-237983.8516,31871.50047,34245.84966,-26761.56363,29135.91281,2374.349184,0,34245.84966,0.07999,25766.451,,
115,CA_San.Francisco.Intl,Office,20,0.10531,Retail,800,200,0.05,1,0.92,0.5,24,12,-513932.8354,-511472.7823,2460.053098,-269855.3521,-235431.3767,34423.97544,36884.02854,-30637.42282,33097.47592,2460.053098,0,36884.02854,0.07045,15227.173,,
116,CA_San.Francisco.Intl,Office,20,0.10531,Retail,900,225,0.05,1,0.92,0.5,24,12,-513932.8354,-511400.1744,2532.661009,-269855.3521,-233189.5952,36665.75693,39198.41794,-34517.86067,37050.52168,2532.661009,0,39198.41794,0.06163,2645.226,,
117,CA_San.Francisco.Intl,Office,20,0.10531,Retail,1000,250,0.05,1,0.92,0.5,24,12,-513932.8354,-511345.4089,2587.426435,-269855.3521,-230991.5822,38863.76986,41451.1963,-38413.18156,41000.60799,2587.426435,4.05E-14,41451.1963,0.05422,-10325.402,,
118,CA_San.Francisco.Intl,Office,20,0.10531,Retail,1200,300,0.05,1,0.92,0.5,24,12,-513932.8354,-511546.0377,2386.797659,-269855.3521,-226636.6002,43218.75192,45605.54958,-46210.03161,48596.82927,2386.797659,250.5632415,45856.11282,0.04254,-36901.561,,
119,CA_San.Francisco.Intl,Office,20,0.10531,Retail,1500,375,0.05,1,0.92,0.5,24,12,-513932.8354,-512488.011,1444.824334,-269855.3521,-220165.9946,49689.35755,51134.18188,-57974.68683,59419.51116,1444.824334,1148.846321,52283.0282,0.02996,-78028.316,,
120,CA_San.Francisco.Intl,Office,20,0.10531,Retail,2000,500,0.05,1,0.92,0.5,24,12,-513932.8354,-519954.2854,-6021.450024,-269855.3521,-209705.8774,60149.47467,54128.02464,-77413.98935,71392.53933,-6021.450024,8229.229287,62357.25393,0.01518,-151565.62,,
121,CA_San.Francisco.Intl,Office,20,0.032141,LMPs,100,25,0.05,1,0.92,0.5,24,12,-513932.8354,-513059.582,873.2533437,-269855.3521,-263855.3521,6000,6873.253344,-3665.870177,4539.123521,873.2533437,0,6873.253344,0.14288,16178.256,,
122,CA_San.Francisco.Intl,Office,20,0.032141,LMPs,200,50,0.05,1,0.92,0.5,24,12,-513932.8354,-512376.4611,1556.374288,-269855.3521,-257855.3521,12000,13556.37429,-7463.468645,9019.842934,1556.374288,0,13556.37429,0.14,31157.037,,
123,CA_San.Francisco.Intl,Office,20,0.032141,LMPs,300,75,0.05,1,0.92,0.5,24,12,-513932.8354,-512079.5678,1853.267558,-269855.3521,-252038.2519,17817.1002,19670.36776,-11280.60613,13133.87369,1853.267558,0,19670.36776,0.13323,42545.401,,
124,CA_San.Francisco.Intl,Office,20,0.032141,LMPs,400,100,0.05,1,0.92,0.5,24,12,-513932.8354,-511983.7173,1949.118044,-269855.3521,-247391.9217,22463.43045,24412.5485,-15141.15639,17090.27443,1949.118044,0,24412.5485,0.11916,45279.501,,
125,CA_San.Francisco.Intl,Office,20,0.032141,LMPs,500,125,0.05,1,0.92,0.5,24,12,-513932.8354,-511823.4558,2109.379527,-269855.3521,-243891.7982,25963.55387,28072.93339,-19002.81508,21112.19461,2109.379527,0,28072.93339,0.10367,41188.946,,
126,CA_San.Francisco.Intl,Office,20,0.032141,LMPs,600,150,0.05,1,0.92,0.5,24,12,-513932.8354,-511674.6489,2258.186451,-269855.3521,-240765.5879,29089.76425,31347.9507,-22881.78202,25139.96848,2258.186451,0,31347.9507,0.09102,34667.249,,
127,CA_San.Francisco.Intl,Office,20,0.032141,LMPs,700,175,0.05,1,0.92,0.5,24,12,-513932.8354,-511558.4862,2374.349184,-269855.3521,-237983.8516,31871.50047,34245.84966,-26761.56363,29135.91281,2374.349184,0,34245.84966,0.07999,25766.451,,
128,CA_San.Francisco.Intl,Office,20,0.032141,LMPs,800,200,0.05,1,0.92,0.5,24,12,-513932.8354,-511472.7823,2460.053098,-269855.3521,-235431.3767,34423.97544,36884.02854,-30637.42282,33097.47592,2460.053098,0,36884.02854,0.07045,15227.173,,
129,CA_San.Francisco.Intl,Office,20,0.032141,LMPs,900,225,0.05,1,0.92,0.5,24,12,-513932.8354,-511400.1744,2532.661009,-269855.3521,-233189.5952,36665.75693,39198.41794,-34517.86067,37050.52168,2532.661009,0,39198.41794,0.06163,2645.226,,
130,CA_San.Francisco.Intl,Office,20,0.032141,LMPs,1000,250,0.05,1,0.92,0.5,24,12,-513932.8354,-511354.404,2578.431324,-269855.3521,-230991.5822,38863.76986,41442.20119,-38419.28608,40997.7174,2578.431324,4.296302159,41446.49749,0.05421,-10355.046,,
131,CA_San.Francisco.Intl,Office,20,0.032141,LMPs,1200,300,0.05,1,0.92,0.5,24,12,-513932.8354,-511305.9206,2626.914813,-269855.3521,-226636.6002,43218.75192,45845.66673,-46210.03161,48836.94642,2626.914813,15.52610016,45861.19283,0.04256,-36869.513,,
132,CA_San.Francisco.Intl,Office,20,0.032141,LMPs,1500,375,0.05,1,0.92,0.5,24,12,-513932.8354,-511403.7884,2529.046949,-269855.3521,-220165.9946,49689.35755,52218.4045,-57680.10969,60209.15664,2529.046949,32.92358088,52251.32808,0.02987,-78229.912,,
133,CA_San.Francisco.Intl,Office,20,0.032141,LMPs,2000,500,0.05,1,0.92,0.5,24,12,-513932.8354,-512311.7587,1621.076663,-269855.3521,-209705.8774,60149.47467,61770.55133,-74365.31717,75986.39383,1621.076663,103.2833321,61873.83466,0.01417,-154731.557,,
134,CA_San.Francisco.Intl,Office,20,0.12,Low flat,100,25,0.05,1,0.92,0.5,24,12,-513932.8354,-513059.582,873.2533437,-269855.3521,-263855.3521,6000,6873.253344,-3665.870177,4539.123521,873.2533437,0,6873.253344,0.14288,16178.256,,
135,CA_San.Francisco.Intl,Office,20,0.12,Low flat,200,50,0.05,1,0.92,0.5,24,12,-513932.8354,-512376.4604,1556.374995,-269855.3521,-257855.3521,12000,13556.37499,-7463.476289,9019.851284,1556.374995,0,13556.37499,0.14,31157.042,,
136,CA_San.Francisco.Intl,Office,20,0.12,Low flat,300,75,0.05,1,0.92,0.5,24,12,-513932.8354,-512079.5693,1853.26608,-269855.3521,-252038.2519,17817.1002,19670.36628,-11280.59014,13133.85622,1853.26608,0,19670.36628,0.13323,42545.392,,
137,CA_San.Francisco.Intl,Office,20,0.12,Low flat,400,100,0.05,1,0.92,0.5,24,12,-513932.8354,-511983.7173,1949.118044,-269855.3521,-247391.9217,22463.43045,24412.5485,-15141.15639,17090.27443,1949.118044,0,24412.5485,0.11916,45279.501,,
138,CA_San.Francisco.Intl,Office,20,0.12,Low flat,500,125,0.05,1,0.92,0.5,24,12,-513932.8354,-511823.4558,2109.379527,-269855.3521,-243891.7982,25963.55387,28072.93339,-19002.81508,21112.19461,2109.379527,0,28072.93339,0.10367,41188.946,,
139,CA_San.Francisco.Intl,Office,20,0.12,Low flat,600,150,0.05,1,0.92,0.5,24,12,-513932.8354,-511674.6489,2258.186451,-269855.3521,-240765.5879,29089.76425,31347.9507,-22881.78202,25139.96848,2258.186451,0,31347.9507,0.09102,34667.249,,
140,CA_San.Francisco.Intl,Office,20,0.12,Low flat,700,175,0.05,1,0.92,0.5,24,12,-513932.8354,-511558.4862,2374.349184,-269855.3521,-237983.8516,31871.50047,34245.84966,-26761.56363,29135.91281,2374.349184,-3.28E-16,34245.84966,0.07999,25766.451,,
141,CA_San.Francisco.Intl,Office,20,0.12,Low flat,800,200,0.05,1,0.92,0.5,24,12,-513932.8354,-511472.7823,2460.053098,-269855.3521,-235431.3767,34423.97544,36884.02854,-30637.42282,33097.47592,2460.053098,-7.84E-16,36884.02854,0.07045,15227.173,,
142,CA_San.Francisco.Intl,Office,20,0.12,Low flat,900,225,0.05,1,0.92,0.5,24,12,-513932.8354,-511400.1744,2532.660981,-269855.3521,-233189.5952,36665.75693,39198.41791,-34517.86074,37050.52172,2532.660981,3.20E-05,39198.41794,0.06163,2645.226,,
143,CA_San.Francisco.Intl,Office,20,0.12,Low flat,1000,250,0.05,1,0.92,0.5,24,12,-513932.8354,-511345.4089,2587.426418,-269855.3521,-230991.5822,38863.76986,41451.19628,-38413.18159,41000.60801,2587.426418,2.02E-05,41451.1963,0.05422,-10325.402,,
144,CA_San.Francisco.Intl,Office,20,0.12,Low flat,1200,300,0.05,1,0.92,0.5,24,12,-513932.8354,-511295.4745,2637.360901,-269855.3521,-226636.6002,43218.75192,45856.11282,-46210.03161,48847.39251,2637.360901,3.41E-13,45856.11282,0.04254,-36901.561,,
145,CA_San.Francisco.Intl,Office,20,0.12,Low flat,1500,375,0.05,1,0.92,0.5,24,12,-513932.8354,-511411.17,2521.665334,-269855.3521,-220165.9946,49689.35755,52211.02288,-57680.10973,60201.77507,2521.665334,33.58278231,52244.60567,0.02986,-78272.663,,
146,CA_San.Francisco.Intl,Office,20,0.12,Low flat,2000,500,0.05,1,0.92,0.5,24,12,-513932.8354,-512617.6148,1315.220572,-269855.3521,-209705.8774,60149.47467,61464.69524,-74365.31728,75680.53785,1315.220572,418.8765818,61883.57182,0.01419,-154667.788,,
147,CA_San.Francisco.Intl,Office,10,0.10531,Retail,100,50,0,1,0.92,0.5,24,12,-513932.8354,-513152.4938,780.341572,-134927.6761,-128976.3181,5951.357937,6731.699509,-3991.315457,4771.657029,780.341572,0,6731.699509,0.13858,15285.245,,
148,CA_San.Francisco.Intl,Office,10,0.10531,Retail,200,100,0,1,0.92,0.5,24,12,-513932.8354,-512677.3799,1255.455445,-134927.6761,-125714.1435,9213.532594,10468.98804,-7927.362175,9182.81762,1255.455445,0,10468.98804,0.09134,11679.848,,
149,CA_San.Francisco.Intl,Office,10,0.10531,Retail,300,150,0,1,0.92,0.5,24,12,-513932.8354,-512268.0476,1664.787744,-134927.6761,-123712.2117,11215.46437,12880.25212,-11915.51974,13580.30748,1664.787744,0,12880.25212,0.05946,-290.952,,
150,CA_San.Francisco.Intl,Office,10,0.10531,Retail,400,200,0,1,0.92,0.5,24,12,-513932.8354,-511970.6252,1962.210181,-134927.6761,-122256.2549,12671.42114,14633.63132,-15947.55098,17909.76116,1962.210181,0,14633.63132,0.03652,-16412.107,,
151,CA_San.Francisco.Intl,Office,10,0.10531,Retail,500,250,0,1,0.92,0.5,24,12,-513932.8354,-511777.5433,2155.292066,-134927.6761,-120914.3654,14013.31069,16168.60276,-20010.60975,22165.90182,2155.292066,6.588114898,16175.19087,0.02003,-34071.932,,
152,CA_San.Francisco.Intl,Office,10,0.10531,Retail,600,300,0,1,0.92,0.5,24,12,-513932.8354,-511743.6928,2189.142569,-134927.6761,-119640.9822,15286.69388,17475.83645,-24107.11902,26296.26159,2189.142569,103.7732775,17579.60973,0.00708,-52918.309,,
153,CA_San.Francisco.Intl,Office,10,0.10531,Retail,700,350,0,1,0.92,0.5,24,12,-513932.8354,-511731.1627,2201.672694,-134927.6761,-118426.6226,16501.05344,18702.72613,-28181.89547,30383.56816,2201.672694,201.7234619,18904.44959,-0.00353,-72620.754,,
154,CA_San.Francisco.Intl,Office,10,0.10531,Retail,800,400,0,1,0.92,0.5,24,12,-513932.8354,-511928.2427,2004.592678,-134927.6761,-117243.4217,17684.25439,19688.84707,-32271.07462,34275.66729,2004.592678,488.4570713,20177.30414,-0.01247,-93000.087,,
155,CA_San.Francisco.Intl,Office,10,0.10531,Retail,900,450,0,1,0.92,0.5,24,12,-513932.8354,-513214.9153,717.9200621,-134927.6761,-116071.3398,18856.33627,19574.25633,-36363.85432,37081.77438,717.9200621,1841.972124,21416.22846,-0.02015,-113942.132,,
156,CA_San.Francisco.Intl,Office,10,0.10531,Retail,1000,500,0,1,0.92,0.5,24,12,-513932.8354,-514637.2166,-704.3812189,-134927.6761,-114922.0689,20005.60715,19301.22594,-40469.74328,39765.36207,-704.3812189,3308.433959,22609.65989,-0.02696,-135540.025,,
157,CA_San.Francisco.Intl,Office,10,0.10531,Retail,1200,600,0,1,0.92,0.5,24,12,-513932.8354,-516847.1593,-2914.323954,-134927.6761,-112635.9668,22291.70929,19377.38534,-48658.74551,45744.42155,-2914.323954,5572.839464,24950.2248,-0.03822,-179922.644,,
158,CA_San.Francisco.Intl,Office,10,0.10531,Retail,1500,750,0,1,0.92,0.5,24,12,-513932.8354,-520602.3186,-6669.483276,-134927.6761,-109242.7986,25684.87748,19015.3942,-61042.56947,54373.08619,-6669.483276,9227.693223,28243.08742,-0.05118,-248418.487,,
159,CA_San.Francisco.Intl,Office,10,0.10531,Retail,2000,1000,0,1,0.92,0.5,24,12,-513932.8354,-529341.038,-15408.20259,-134927.6761,-103765.666,31162.01006,15753.80747,-81488.18468,66079.98209,-15408.20259,17506.75865,33260.56612,-0.06684,-366336.459,,
160,CA_San.Francisco.Intl,Office,10,0.032141,LMPs,100,50,0,1,0.92,0.5,24,12,-513932.8354,-513152.4938,780.341572,-134927.6761,-128976.3181,5951.357937,6731.699509,-3991.315457,4771.657029,780.341572,0,6731.699509,0.13858,15285.245,,
161,CA_San.Francisco.Intl,Office,10,0.032141,LMPs,200,100,0,1,0.92,0.5,24,12,-513932.8354,-512677.3799,1255.455445,-134927.6761,-125714.1435,9213.532594,10468.98804,-7927.362175,9182.81762,1255.455445,0,10468.98804,0.09134,11679.848,,
162,CA_San.Francisco.Intl,Office,10,0.032141,LMPs,300,150,0,1,0.92,0.5,24,12,-513932.8354,-512268.0476,1664.787744,-134927.6761,-123712.2117,11215.46437,12880.25212,-11915.51974,13580.30748,1664.787744,0,12880.25212,0.05946,-290.952,,
163,CA_San.Francisco.Intl,Office,10,0.032141,LMPs,400,200,0,1,0.92,0.5,24,12,-513932.8354,-511970.6252,1962.210181,-134927.6761,-122256.2549,12671.42114,14633.63132,-15947.55098,17909.76116,1962.210181,0,14633.63132,0.03652,-16412.107,,
164,CA_San.Francisco.Intl,Office,10,0.032141,LMPs,500,250,0,1,0.92,0.5,24,12,-513932.8354,-511773.8458,2158.989593,-134927.6761,-120914.3654,14013.31069,16172.30029,-20010.60975,22169.59934,2158.989593,4.296302159,16176.59659,0.02004,-34062.824,,
165,CA_San.Francisco.Intl,Office,10,0.032141,LMPs,600,300,0,1,0.92,0.5,24,12,-513932.8354,-511650.3656,2282.46976,-134927.6761,-119640.9822,15286.69388,17569.16364,-24107.11902,26389.58878,2282.46976,15.52610016,17584.68974,0.00712,-52884.212,,
166,CA_San.Francisco.Intl,Office,10,0.032141,LMPs,700,350,0,1,0.92,0.5,24,12,-513932.8354,-511547.4408,2385.394569,-134927.6761,-118426.6226,16501.05344,18886.448,-28181.89547,30567.29004,2385.394569,26.75589816,18913.2039,-0.00347,-72560.256,,
167,CA_San.Francisco.Intl,Office,10,0.032141,LMPs,800,400,0,1,0.92,0.5,24,12,-513932.8354,-511465.3427,2467.492662,-134927.6761,-117243.4217,17684.25439,20151.74705,-32271.07462,34738.56728,2467.492662,37.98569616,20189.73275,-0.01239,-92911.21,,
168,CA_San.Francisco.Intl,Office,10,0.032141,LMPs,900,450,0,1,0.92,0.5,24,12,-513932.8354,-511406.8199,2526.015466,-134927.6761,-116071.3398,18856.33627,21382.35174,-36363.85357,38889.86903,2526.015466,53.75886876,21436.1106,-0.02003,-113794.199,,
169,CA_San.Francisco.Intl,Office,10,0.032141,LMPs,1000,500,0,1,0.92,0.5,24,12,-513932.8354,-511382.559,2550.27632,-134927.6761,-114922.0689,20005.60715,22555.88347,-40469.74328,43020.0196,2550.27632,85.31565533,22641.19913,-0.02678,-135298.518,,
170,CA_San.Francisco.Intl,Office,10,0.032141,LMPs,1200,600,0,1,0.92,0.5,24,12,-513932.8354,-511370.3357,2562.499689,-134927.6761,-112635.9668,22291.70929,24854.20898,-48658.06653,51220.56622,2562.499689,152.939803,25007.14879,-0.03792,-179468.071,,
171,CA_San.Francisco.Intl,Office,10,0.032141,LMPs,1500,750,0,1,0.92,0.5,24,12,-513932.8354,-511629.6789,2303.156483,-134927.6761,-109242.7986,25684.87748,27988.03396,-60504.3005,62807.45698,2303.156483,310.7032409,28298.7372,-0.05093,-247974.089,,
172,CA_San.Francisco.Intl,Office,10,0.032141,LMPs,2000,1000,0,1,0.92,0.5,24,12,-513932.8354,-512810.1392,1122.696122,-134927.6761,-103765.666,31162.01006,32284.70618,-77730.66368,78853.3598,1122.696122,693.7619187,32978.4681,-0.0679,-368589.184,,
173,CA_San.Francisco.Intl,Office,10,0.12,Low flat,100,50,0,1,0.92,0.5,24,12,-513932.8354,-513152.4938,780.341572,-134927.6761,-128976.3181,5951.357937,6731.699509,-3991.315457,4771.657029,780.341572,0,6731.699509,0.13858,15285.245,,
174,CA_San.Francisco.Intl,Office,10,0.12,Low flat,200,100,0,1,0.92,0.5,24,12,-513932.8354,-512677.3799,1255.455445,-134927.6761,-125714.1435,9213.532594,10468.98804,-7927.362175,9182.81762,1255.455445,0,10468.98804,0.09134,11679.848,,
175,CA_San.Francisco.Intl,Office,10,0.12,Low flat,300,150,0,1,0.92,0.5,24,12,-513932.8354,-512268.0476,1664.787744,-134927.6761,-123712.2117,11215.46437,12880.25212,-11915.51974,13580.30748,1664.787744,0,12880.25212,0.05946,-290.952,,
176,CA_San.Francisco.Intl,Office,10,0.12,Low flat,400,200,0,1,0.92,0.5,24,12,-513932.8354,-511970.6252,1962.210181,-134927.6761,-122256.2549,12671.42114,14633.63132,-15947.55098,17909.76116,1962.210181,-9.98E-15,14633.63132,0.03652,-16412.107,,
177,CA_San.Francisco.Intl,Office,10,0.12,Low flat,500,250,0,1,0.92,0.5,24,12,-513932.8354,-511865.7536,2067.081739,-134927.6761,-120914.3654,14013.31069,16080.39243,-20232.71631,22299.79805,2067.081739,113.2319214,16193.62435,0.02018,-33952.499,,
178,CA_San.Francisco.Intl,Office,10,0.12,Low flat,600,300,0,1,0.92,0.5,24,12,-513932.8354,-511779.1393,2153.696093,-134927.6761,-119640.9822,15286.69388,17440.38998,-24373.64689,26527.34298,2153.696093,183.3887214,17623.7787,0.00741,-52621.843,,
179,CA_San.Francisco.Intl,Office,10,0.12,Low flat,700,350,0,1,0.92,0.5,24,12,-513932.8354,-511713.0803,2219.755091,-134927.6761,-118426.6226,16501.05344,18720.80853,-28492.84465,30712.59974,2219.755091,253.5455214,18974.35405,-0.00304,-72137.669,,
180,CA_San.Francisco.Intl,Office,10,0.12,Low flat,800,400,0,1,0.92,0.5,24,12,-513932.8354,-511667.848,2264.987372,-134927.6761,-117243.4217,17684.25439,19949.24176,-32626.44511,34891.43248,2264.987372,323.7023214,20272.94408,-0.01185,-92316.165,,
181,CA_San.Francisco.Intl,Office,10,0.12,Low flat,900,450,0,1,0.92,0.5,24,12,-513932.8354,-511645.4269,2287.408497,-134927.6761,-116071.3398,18856.33627,21143.74477,-36763.64613,39051.05463,2287.408497,393.8591214,21537.60389,-0.0194,-113039.042,,
182,CA_San.Francisco.Intl,Office,10,0.12,Low flat,1000,500,0,1,0.92,0.5,24,12,-513932.8354,-511645.6877,2287.147686,-134927.6761,-114922.0689,20005.60715,22292.75484,-40913.95648,43201.10416,2287.147686,464.0160003,22756.77084,-0.0261,-134419.456,,
183,CA_San.Francisco.Intl,Office,10,0.12,Low flat,1200,600,0,1,0.92,0.5,24,12,-513932.8354,-511697.6074,2235.227981,-134927.6761,-112635.9668,22291.70929,24526.93727,-49236.71072,51471.9387,2235.227981,625.2532191,25152.19049,-0.03715,-178309.824,,
184,CA_San.Francisco.Intl,Office,10,0.12,Low flat,1500,750,0,1,0.92,0.5,24,12,-513932.8354,-512070.9923,1861.843092,-134927.6761,-109242.7986,25684.87748,27546.72057,-61123.8958,62985.73889,1861.843092,897.1219871,28443.84256,-0.05027,-246815.334,,
185,CA_San.Francisco.Intl,Office,10,0.12,Low flat,2000,1000,0,1,0.92,0.5,24,12,-513932.8354,-513236.249,696.586333,-134927.6761,-103765.666,31162.01006,31858.59639,-78193.80441,78890.39074,696.586333,946.5652739,32805.16167,-0.06855,-369973.142,,
186,CA_San.Francisco.Intl,Office,10,0.10531,Retail,100,25,0,1,0.92,0.5,24,12,-513932.8354,-513011.8986,920.9367821,-134927.6761,-131927.6761,3000,3920.936782,-3854.921047,4775.857829,920.9367821,0,3920.936782,0.04617,-2446.828,,
187,CA_San.Francisco.Intl,Office,10,0.10531,Retail,200,50,0,1,0.92,0.5,24,12,-513932.8354,-512291.5722,1641.263154,-134927.6761,-128927.6761,6000,7641.263154,-7851.285651,9492.548806,1641.263154,0,7641.263154,0.04251,-6159.233,,
188,CA_San.Francisco.Intl,Office,10,0.10531,Retail,300,75,0,1,0.92,0.5,24,12,-513932.8354,-511984.1428,1948.692609,-134927.6761,-125972.3273,8955.348796,10904.04141,-11881.81947,13830.51208,1948.692609,0,10904.04141,0.03563,-12760.215,,
189,CA_San.Francisco.Intl,Office,10,0.10531,Retail,400,100,0,1,0.92,0.5,24,12,-513932.8354,-511898.7547,2034.080682,-134927.6761,-123554.0516,11373.6245,13407.70518,-15943.3505,17977.43118,2034.080682,0,13407.70518,0.02473,-24235,,
190,CA_San.Francisco.Intl,Office,10,0.10531,Retail,500,125,0,1,0.92,0.5,24,12,-513932.8354,-511772.1723,2160.663028,-134927.6761,-121712.048,13215.62807,15376.2911,-20022.20689,22182.86992,2160.663028,0,15376.2911,0.01339,-39286.499,,
191,CA_San.Francisco.Intl,Office,10,0.10531,Retail,600,150,0,1,0.92,0.5,24,12,-513932.8354,-511631.5753,2301.260044,-134927.6761,-120066.5988,14861.07721,17162.33725,-24105.22507,26406.48511,2301.260044,0,17162.33725,0.00395,-55719.08,,
192,CA_San.Francisco.Intl,Office,10,0.10531,Retail,700,175,0,1,0.92,0.5,24,12,-513932.8354,-511512.7143,2420.121104,-134927.6761,-118607.3147,16320.36135,18740.48245,-28187.56603,30607.68713,2420.121104,0,18740.48245,-0.00466,-73753.873,,
193,CA_San.Francisco.Intl,Office,10,0.10531,Retail,800,200,0,1,0.92,0.5,24,12,-513932.8354,-511434.9163,2497.919058,-134927.6761,-117266.1747,17661.50138,20159.42044,-32270.68351,34768.60257,2497.919058,0,20159.42044,-0.01259,-93127.973,,
194,CA_San.Francisco.Intl,Office,10,0.10531,Retail,900,225,0,1,0.92,0.5,24,12,-513932.8354,-511373.3154,2559.51993,-134927.6761,-116071.3398,18856.33627,21415.8562,-36363.77328,38923.29321,2559.51993,0,21415.8562,-0.02015,-113944.901,,
195,CA_San.Francisco.Intl,Office,10,0.10531,Retail,1000,250,0,1,0.92,0.5,24,12,-513932.8354,-511324.321,2608.514406,-134927.6761,-114922.0689,20005.60715,22614.12156,-40459.09118,43067.60559,2608.514406,3.829671578,22617.95123,-0.02692,-135475.456,,
196,CA_San.Francisco.Intl,Office,10,0.10531,Retail,1200,300,0,1,0.92,0.5,24,12,-513932.8354,-511518.8223,2414.013038,-134927.6761,-112635.9668,22291.70929,24705.72233,-48671.45335,51085.46639,2414.013038,231.7955214,24937.51785,-0.03829,-180024.117,,
197,CA_San.Francisco.Intl,Office,10,0.10531,Retail,1500,375,0,1,0.92,0.5,24,12,-513932.8354,-512934.4519,998.3834511,-134927.6761,-109242.7986,25684.87748,26683.26093,-61055.33586,62053.71931,998.3834511,1547.05873,28230.31966,-0.05124,-248520.445,,
198,CA_San.Francisco.Intl,Office,10,0.10531,Retail,2000,500,0,1,0.92,0.5,24,12,-513932.8354,-520672.2964,-6739.461016,-134927.6761,-103765.666,31162.01006,24422.54904,-81490.1442,74750.68319,-6739.461016,8832.959872,33255.50892,-0.06686,-366376.844,,
199,CA_San.Francisco.Intl,Office,10,0.032141,LMPs,100,25,0,1,0.92,0.5,24,12,-513932.8354,-513011.8986,920.9367821,-134927.6761,-131927.6761,3000,3920.936782,-3854.921047,4775.857829,920.9367821,0,3920.936782,0.04617,-2446.828,,
200,CA_San.Francisco.Intl,Office,10,0.032141,LMPs,200,50,0,1,0.92,0.5,24,12,-513932.8354,-512291.5722,1641.263154,-134927.6761,-128927.6761,6000,7641.263154,-7851.285651,9492.548806,1641.263154,0,7641.263154,0.04251,-6159.233,,
201,CA_San.Francisco.Intl,Office,10,0.032141,LMPs,300,75,0,1,0.92,0.5,24,12,-513932.8354,-511984.1428,1948.692609,-134927.6761,-125972.3273,8955.348796,10904.04141,-11881.81947,13830.51208,1948.692609,0,10904.04141,0.03563,-12760.215,,
202,CA_San.Francisco.Intl,Office,10,0.032141,LMPs,400,100,0,1,0.92,0.5,24,12,-513932.8354,-511898.7547,2034.080682,-134927.6761,-123554.0516,11373.6245,13407.70518,-15943.3505,17977.43118,2034.080682,0,13407.70518,0.02473,-24235,,
203,CA_San.Francisco.Intl,Office,10,0.032141,LMPs,500,125,0,1,0.92,0.5,24,12,-513932.8354,-511772.1723,2160.663028,-134927.6761,-121712.048,13215.62807,15376.2911,-20022.20689,22182.86992,2160.663028,0,15376.2911,0.01339,-39286.499,,
204,CA_San.Francisco.Intl,Office,10,0.032141,LMPs,600,150,0,1,0.92,0.5,24,12,-513932.8354,-511631.5753,2301.260044,-134927.6761,-120066.5988,14861.07721,17162.33725,-24105.22507,26406.48511,2301.260044,0,17162.33725,0.00395,-55719.08,,
205,CA_San.Francisco.Intl,Office,10,0.032141,LMPs,700,175,0,1,0.92,0.5,24,12,-513932.8354,-511512.7143,2420.121104,-134927.6761,-118607.3147,16320.36135,18740.48245,-28187.56603,30607.68713,2420.121104,0,18740.48245,-0.00466,-73753.873,,
206,CA_San.Francisco.Intl,Office,10,0.032141,LMPs,800,200,0,1,0.92,0.5,24,12,-513932.8354,-511434.9163,2497.919058,-134927.6761,-117266.1747,17661.50138,20159.42044,-32270.68351,34768.60257,2497.919058,0,20159.42044,-0.01259,-93127.973,,
207,CA_San.Francisco.Intl,Office,10,0.032141,LMPs,900,225,0,1,0.92,0.5,24,12,-513932.8354,-511373.3154,2559.51993,-134927.6761,-116071.3398,18856.33627,21415.8562,-36363.77328,38923.29321,2559.51993,0,21415.8562,-0.02015,-113944.901,,
208,CA_San.Francisco.Intl,Office,10,0.032141,LMPs,1000,250,0,1,0.92,0.5,24,12,-513932.8354,-511328.2149,2604.620508,-134927.6761,-114922.0689,20005.60715,22610.22766,-40463.92001,43068.54051,2604.620508,4.296302159,22614.52396,-0.02694,-135502.146,,
209,CA_San.Francisco.Intl,Office,10,0.032141,LMPs,1200,300,0,1,0.92,0.5,24,12,-513932.8354,-511298.1259,2634.709419,-134927.6761,-112635.9668,22291.70929,24926.41871,-48672.1064,51306.81582,2634.709419,15.52610016,24941.94481,-0.03826,-179988.765,,
210,CA_San.Francisco.Intl,Office,10,0.032141,LMPs,1500,375,0,1,0.92,0.5,24,12,-513932.8354,-511506.6171,2426.218307,-134927.6761,-109242.7986,25684.87748,28111.09578,-60414.65301,62840.87132,2426.218307,32.92358088,28144.01937,-0.05163,-249209.606,,
211,CA_San.Francisco.Intl,Office,10,0.032141,LMPs,2000,500,0,1,0.92,0.5,24,12,-513932.8354,-512576.6674,1356.167949,-134927.6761,-103765.666,31162.01006,32518.17801,-77676.33707,79032.50502,1356.167949,103.2833321,32621.46134,-0.06924,-371440.102,,
212,CA_San.Francisco.Intl,Office,10,0.12,Low flat,100,25,0,1,0.92,0.5,24,12,-513932.8354,-513011.8986,920.9367821,-134927.6761,-131927.6761,3000,3920.936782,-3854.921047,4775.857829,920.9367821,0,3920.936782,0.04617,-2446.828,,
213,CA_San.Francisco.Intl,Office,10,0.12,Low flat,200,50,0,1,0.92,0.5,24,12,-513932.8354,-512291.5722,1641.263154,-134927.6761,-128927.6761,6000,7641.263154,-7851.285651,9492.548806,1641.263154,0,7641.263154,0.04251,-6159.233,,
214,CA_San.Francisco.Intl,Office,10,0.12,Low flat,300,75,0,1,0.92,0.5,24,12,-513932.8354,-511984.1428,1948.692609,-134927.6761,-125972.3273,8955.348796,10904.04141,-11881.81947,13830.51208,1948.692609,0,10904.04141,0.03563,-12760.215,,
215,CA_San.Francisco.Intl,Office,10,0.12,Low flat,400,100,0,1,0.92,0.5,24,12,-513932.8354,-511898.7547,2034.080682,-134927.6761,-123554.0516,11373.6245,13407.70518,-15943.3505,17977.43118,2034.080682,0,13407.70518,0.02473,-24235,,
216,CA_San.Francisco.Intl,Office,10,0.12,Low flat,500,125,0,1,0.92,0.5,24,12,-513932.8354,-511772.1723,2160.663028,-134927.6761,-121712.048,13215.62807,15376.2911,-20022.20689,22182.86992,2160.663028,0,15376.2911,0.01339,-39286.499,,
217,CA_San.Francisco.Intl,Office,10,0.12,Low flat,600,150,0,1,0.92,0.5,24,12,-513932.8354,-511631.5753,2301.260044,-134927.6761,-120066.5988,14861.07721,17162.33725,-24105.22507,26406.48511,2301.260044,0,17162.33725,0.00395,-55719.08,,
218,CA_San.Francisco.Intl,Office,10,0.12,Low flat,700,175,0,1,0.92,0.5,24,12,-513932.8354,-511512.7143,2420.121104,-134927.6761,-118607.3147,16320.36135,18740.48245,-28187.56603,30607.68713,2420.121104,-5.36E-17,18740.48245,-0.00466,-73753.873,,
219,CA_San.Francisco.Intl,Office,10,0.12,Low flat,800,200,0,1,0.92,0.5,24,12,-513932.8354,-511434.9163,2497.919058,-134927.6761,-117266.1747,17661.50138,20159.42044,-32270.68351,34768.60257,2497.919058,2.36E-14,20159.42044,-0.01259,-93127.973,,
220,CA_San.Francisco.Intl,Office,10,0.12,Low flat,900,225,0,1,0.92,0.5,24,12,-513932.8354,-511373.3154,2559.519915,-134927.6761,-116071.3398,18856.33627,21415.85618,-36363.77332,38923.29324,2559.519915,1.60E-05,21415.8562,-0.02015,-113944.901,,
221,CA_San.Francisco.Intl,Office,10,0.12,Low flat,1000,250,0,1,0.92,0.5,24,12,-513932.8354,-511320.4912,2612.34412,-134927.6761,-114922.0689,20005.60715,22617.95127,-40459.09207,43071.43619,2612.34412,4.07E-05,22617.95131,-0.02692,-135475.456,,
222,CA_San.Francisco.Intl,Office,10,0.12,Low flat,1200,300,0,1,0.92,0.5,24,12,-513932.8354,-511287.6799,2645.155507,-134927.6761,-112635.9668,22291.70929,24936.8648,-48672.1064,51317.26191,2645.155507,-5.51E-14,24936.8648,-0.03829,-180029.332,,
223,CA_San.Francisco.Intl,Office,10,0.12,Low flat,1500,375,0,1,0.92,0.5,24,12,-513932.8354,-511561.0105,2371.824844,-134927.6761,-109242.7986,25684.87748,28056.70232,-60418.39031,62790.21516,2371.824844,82.89381443,28139.59614,-0.05165,-249244.928,,
224,CA_San.Francisco.Intl,Office,10,0.12,Low flat,2000,500,0,1,0.92,0.5,24,12,-513932.8354,-512945.3997,987.4356224,-134927.6761,-103765.666,31162.01006,32149.44568,-77676.53588,78663.9715,987.4356224,487.8155792,32637.26126,-0.06918,-371313.93,,
225,CA_San.Francisco.Intl,Office,10,0,None,100,50,0,1,0.92,0.5,24,12,-513932.8354,-513152.4938,780.341572,-134927.6761,-128976.3181,5951.357937,6731.699509,-3991.315457,4771.657029,780.341572,0,6731.699509,0.13858,15285.245,,
226,CA_San.Francisco.Intl,Office,10,0,None,100,50,0,1,0.92,0.5,24,12,-513932.8354,-513152.4938,780.341572,-134927.6761,-128976.3181,5951.357937,6731.699509,-3991.315457,4771.657029,780.341572,0,6731.699509,0.13858,15285.245,,
227,CA_San.Francisco.Intl,Office,10,0,None,100,50,0,1,0.92,0.5,24,12,-513932.8354,-513152.4938,780.341572,-134927.6761,-128976.3181,5951.357937,6731.699509,-3991.315457,4771.657029,780.341572,0,6731.699509,0.13858,15285.245,15.60683144,7.80341572
228,CA_San.Francisco.Intl,Office,10,0,None,200,100,0,1,0.92,0.5,24,12,-513932.8354,-512677.3799,1255.455445,-134927.6761,-125714.1435,9213.532594,10468.98804,-7927.362175,9182.81762,1255.455445,0,10468.98804,0.09134,11679.848,12.55455445,6.277277223
229,CA_San.Francisco.Intl,Office,10,0,None,300,150,0,1,0.92,0.5,24,12,-513932.8354,-512268.0476,1664.787744,-134927.6761,-123712.2117,11215.46437,12880.25212,-11915.51974,13580.30748,1664.787744,0,12880.25212,0.05946,-290.952,11.09858496,5.549292479
230,CA_San.Francisco.Intl,Office,10,0,None,400,200,0,1,0.92,0.5,24,12,-513932.8354,-511970.6252,1962.210181,-134927.6761,-122256.2549,12671.42114,14633.63132,-15947.55098,17909.76116,1962.210181,0,14633.63132,0.03652,-16412.107,9.811050907,4.905525454
231,CA_San.Francisco.Intl,Office,10,0,None,500,250,0,1,0.92,0.5,24,12,-513932.8354,-511770.9552,2161.880181,-134927.6761,-120914.3654,14013.31069,16175.19087,-20010.60975,22172.48993,2161.880181,0,16175.19087,0.02003,-34071.932,8.647520722,4.323760361
232,CA_San.Francisco.Intl,Office,10,0,None,600,300,0,1,0.92,0.5,24,12,-513932.8354,-511639.9195,2292.915847,-134927.6761,-119640.9822,15286.69388,17579.60973,-24107.11902,26400.03487,2292.915847,0,17579.60973,0.00708,-52918.309,7.643052823,3.821526411
233,CA_San.Francisco.Intl,Office,10,0,None,700,350,0,1,0.92,0.5,24,12,-513932.8354,-511529.4392,2403.396156,-134927.6761,-118426.6226,16501.05344,18904.44959,-28181.89547,30585.29162,2403.396156,0,18904.44959,-0.00353,-72620.754,6.866846161,3.433423081
234,CA_San.Francisco.Intl,Office,10,0,None,800,400,0,1,0.92,0.5,24,12,-513932.8354,-511439.7856,2493.049749,-134927.6761,-117243.4217,17684.25439,20177.30414,-32271.07462,34764.12437,2493.049749,0,20177.30414,-0.01247,-93000.087,6.232624373,3.116312186
235,CA_San.Francisco.Intl,Office,10,0,None,900,450,0,1,0.92,0.5,24,12,-513932.8354,-511372.9432,2559.892186,-134927.6761,-116071.3398,18856.33627,21416.22846,-36363.85432,38923.74651,2559.892186,0,21416.22846,-0.02015,-113942.132,5.688649302,2.844324651
236,CA_San.Francisco.Intl,Office,10,0,None,1000,500,0,1,0.92,0.5,24,12,-513932.8354,-511328.7826,2604.052741,-134927.6761,-114922.0689,20005.60715,22609.65989,-40469.74328,43073.79602,2604.052741,0,22609.65989,-0.02696,-135540.025,5.208105481,2.604052741
237,CA_San.Francisco.Intl,Office,10,0,None,2000,1000,0,1,0.92,0.5,24,12,-513932.8354,-512474.1907,1458.644647,-134927.6761,-103765.666,31162.01006,32620.65471,-77717.02464,79175.66928,1458.644647,0,32620.65471,-0.06924,-371446.543,1.458644647,0.729322324
238,CA_San.Francisco.Intl,Office,10,0.10531,Retail,100,50,0,1,0.92,0.5,24,12,-513932.8354,-513152.4938,780.341572,-134927.6761,-128976.3181,5951.357937,6731.699509,-3991.315457,4771.657029,780.341572,0,6731.699509,0.13858,15285.245,15.60683144,7.80341572
239,CA_San.Francisco.Intl,Office,10,0.10531,Retail,200,100,0,1,0.92,0.5,24,12,-513932.8354,-512677.3799,1255.455445,-134927.6761,-125714.1435,9213.532594,10468.98804,-7927.362175,9182.81762,1255.455445,0,10468.98804,0.09134,11679.848,12.55455445,6.277277223
240,CA_San.Francisco.Intl,Office,10,0.10531,Retail,300,150,0,1,0.92,0.5,24,12,-513932.8354,-512268.0476,1664.787744,-134927.6761,-123712.2117,11215.46437,12880.25212,-11915.51974,13580.30748,1664.787744,0,12880.25212,0.05946,-290.952,11.09858496,5.549292479
241,CA_San.Francisco.Intl,Office,10,0.10531,Retail,400,200,0,1,0.92,0.5,24,12,-513932.8354,-511970.6252,1962.210181,-134927.6761,-122256.2549,12671.42114,14633.63132,-15947.55098,17909.76116,1962.210181,0,14633.63132,0.03652,-16412.107,9.811050907,4.905525454
242,CA_San.Francisco.Intl,Office,10,0.10531,Retail,500,250,0,1,0.92,0.5,24,12,-513932.8354,-511777.5433,2155.292066,-134927.6761,-120914.3654,14013.31069,16168.60276,-20010.60975,22165.90182,2155.292066,6.588114898,16175.19087,0.02003,-34071.932,8.621168263,4.310584131
243,CA_San.Francisco.Intl,Office,10,0.10531,Retail,600,300,0,1,0.92,0.5,24,12,-513932.8354,-511746.0964,2186.738942,-134927.6761,-119640.9822,15286.69388,17473.43283,-24107.11902,26293.85796,2186.738942,106.1769045,17579.60973,0.00708,-52918.309,7.289129808,3.644564904
244,CA_San.Francisco.Intl,Office,10,0.10531,Retail,700,350,0,1,0.92,0.5,24,12,-513932.8354,-511731.1627,2201.672694,-134927.6761,-118426.6226,16501.05344,18702.72613,-28181.89547,30383.56816,2201.672694,201.7234619,18904.44959,-0.00353,-72620.754,6.290493413,3.145246706
245,CA_San.Francisco.Intl,Office,10,0.10531,Retail,800,400,0,1,0.92,0.5,24,12,-513932.8354,-511928.2427,2004.592678,-134927.6761,-117243.4217,17684.25439,19688.84707,-32271.07462,34275.66729,2004.592678,488.4570713,20177.30414,-0.01247,-93000.087,5.011481695,2.505740847
246,CA_San.Francisco.Intl,Office,10,0.10531,Retail,900,450,0,1,0.92,0.5,24,12,-513932.8354,-513269.6018,663.2335284,-134927.6761,-116071.3398,18856.33627,19519.5698,-36363.85357,37027.0871,663.2335284,1896.658588,21416.22839,-0.02015,-113942.132,1.473852285,0.736926143
247,CA_San.Francisco.Intl,Office,10,0.10531,Retail,1000,500,0,1,0.92,0.5,24,12,-513932.8354,-514637.2166,-704.3812189,-134927.6761,-114922.0689,20005.60715,19301.22594,-40469.74328,39765.36207,-704.3812189,3308.433959,22609.65989,-0.02696,-135540.025,-1.408762438,-0.704381219
248,CA_San.Francisco.Intl,Office,10,0.10531,Retail,2000,1000,0,1,0.92,0.5,24,12,-513932.8354,-529341.038,-15408.20259,-134927.6761,-103765.666,31162.01006,15753.80747,-81488.18468,66079.98209,-15408.20259,17506.75865,33260.56612,-0.06684,-366336.459,-15.40820259,-7.704101297
249,CA_San.Francisco.Intl,Office,10,0.12,Low flat,100,50,0,1,0.92,0.5,24,12,-513932.8354,-513152.4938,780.341572,-134927.6761,-128976.3181,5951.357937,6731.699509,-3991.315457,4771.657029,780.341572,0,6731.699509,0.13858,15285.245,15.60683144,7.80341572
250,CA_San.Francisco.Intl,Office,10,0.12,Low flat,200,100,0,1,0.92,0.5,24,12,-513932.8354,-512677.3799,1255.455445,-134927.6761,-125714.1435,9213.532594,10468.98804,-7927.362175,9182.81762,1255.455445,0,10468.98804,0.09134,11679.848,12.55455445,6.277277223
251,CA_San.Francisco.Intl,Office,10,0.12,Low flat,300,150,0,1,0.92,0.5,24,12,-513932.8354,-512268.0476,1664.787744,-134927.6761,-123712.2117,11215.46437,12880.25212,-11915.51974,13580.30748,1664.787744,0,12880.25212,0.05946,-290.952,11.09858496,5.549292479
252,CA_San.Francisco.Intl,Office,10,0.12,Low flat,400,200,0,1,0.92,0.5,24,12,-513932.8354,-511970.6252,1962.210181,-134927.6761,-122256.2549,12671.42114,14633.63132,-15947.55098,17909.76116,1962.210181,-9.32E-15,14633.63132,0.03652,-16412.107,9.811050907,4.905525454
253,CA_San.Francisco.Intl,Office,10,0.12,Low flat,500,250,0,1,0.92,0.5,24,12,-513932.8354,-511865.7536,2067.081739,-134927.6761,-120914.3654,14013.31069,16080.39243,-20232.71631,22299.79805,2067.081739,113.2319214,16193.62435,0.02018,-33952.499,8.268326957,4.134163478
254,CA_San.Francisco.Intl,Office,10,0.12,Low flat,600,300,0,1,0.92,0.5,24,12,-513932.8354,-511779.1393,2153.696093,-134927.6761,-119640.9822,15286.69388,17440.38998,-24373.64689,26527.34298,2153.696093,183.3887214,17623.7787,0.00741,-52621.843,7.178986978,3.589493489
255,CA_San.Francisco.Intl,Office,10,0.12,Low flat,700,350,0,1,0.92,0.5,24,12,-513932.8354,-511713.0803,2219.755091,-134927.6761,-118426.6226,16501.05344,18720.80853,-28492.84465,30712.59974,2219.755091,253.5455214,18974.35405,-0.00304,-72137.669,6.342157403,3.171078702
256,CA_San.Francisco.Intl,Office,10,0.12,Low flat,800,400,0,1,0.92,0.5,24,12,-513932.8354,-511667.848,2264.987372,-134927.6761,-117243.4217,17684.25439,19949.24176,-32626.44511,34891.43248,2264.987372,323.7023214,20272.94408,-0.01185,-92316.165,5.66246843,2.831234215
257,CA_San.Francisco.Intl,Office,10,0.12,Low flat,900,450,0,1,0.92,0.5,24,12,-513932.8354,-511645.4269,2287.408497,-134927.6761,-116071.3398,18856.33627,21143.74477,-36763.64613,39051.05463,2287.408497,393.8591214,21537.60389,-0.0194,-113039.042,5.083129993,2.541564996
258,CA_San.Francisco.Intl,Office,10,0.12,Low flat,1000,500,0,1,0.92,0.5,24,12,-513932.8354,-511645.6877,2287.147686,-134927.6761,-114922.0689,20005.60715,22292.75484,-40913.95648,43201.10416,2287.147686,464.0160003,22756.77084,-0.0261,-134419.456,4.574295372,2.287147686
259,CA_San.Francisco.Intl,Office,10,0.12,Low flat,2000,1000,0,1,0.92,0.5,24,12,-513932.8354,-513236.249,696.586333,-134927.6761,-103765.666,31162.01006,31858.59639,-78193.80441,78890.39074,696.586333,946.5652739,32805.16167,-0.06855,-369973.142,0.696586333,0.348293167
260,CA_San.Francisco.Intl,Office,10,0.04275169,LMPs DA,100,50,0,1,0.92,0.5,24,12,-513932.8354,-513152.4938,780.341572,-134927.6761,-128976.3181,5951.357937,6731.699509,-3991.315457,4771.657029,780.341572,0,6731.699509,0.13858,15285.245,15.60683144,7.80341572
261,CA_San.Francisco.Intl,Office,10,0.04275169,LMPs DA,200,100,0,1,0.92,0.5,24,12,-513932.8354,-512677.3799,1255.455445,-134927.6761,-125714.1435,9213.532594,10468.98804,-7927.362175,9182.81762,1255.455445,0,10468.98804,0.09134,11679.848,12.55455445,6.277277223
262,CA_San.Francisco.Intl,Office,10,0.04275169,LMPs DA,300,150,0,1,0.92,0.5,24,12,-513932.8354,-512268.0476,1664.787744,-134927.6761,-123712.2117,11215.46437,12880.25212,-11915.51974,13580.30748,1664.787744,0,12880.25212,0.05946,-290.952,11.09858496,5.549292479
263,CA_San.Francisco.Intl,Office,10,0.04275169,LMPs DA,400,200,0,1,0.92,0.5,24,12,-513932.8354,-511970.6252,1962.210181,-134927.6761,-122256.2549,12671.42114,14633.63132,-15947.55098,17909.76116,1962.210181,1.05E-32,14633.63132,0.03652,-16412.107,9.811050907,4.905525454
264,CA_San.Francisco.Intl,Office,10,0.04275169,LMPs DA,500,250,0,1,0.92,0.5,24,12,-513932.8354,-511771.8801,2160.955229,-134927.6761,-120914.3654,14013.31069,16174.26592,-20010.60975,22171.56498,2160.955229,1.03892177,16175.30484,0.02003,-34071.194,8.643820917,4.321910459
265,CA_San.Francisco.Intl,Office,10,0.04275169,LMPs DA,600,300,0,1,0.92,0.5,24,12,-513932.8354,-511725.4482,2207.387167,-134927.6761,-119640.9822,15286.69388,17494.08105,-24189.4798,26396.86696,2207.387167,101.11994,17595.20099,0.0072,-52813.659,7.357957224,3.678978612
266,CA_San.Francisco.Intl,Office,10,0.04275169,LMPs DA,700,350,0,1,0.92,0.5,24,12,-513932.8354,-511714.9859,2217.849481,-134927.6761,-118426.6226,16501.05344,18718.90292,-28321.53041,30539.3799,2217.849481,229.0324329,18947.93535,-0.00323,-72320.24,6.336712802,3.168356401
267,CA_San.Francisco.Intl,Office,10,0.04275169,LMPs DA,800,400,0,1,0.92,0.5,24,12,-513932.8354,-511848.251,2084.584334,-134927.6761,-117243.4217,17684.25439,19768.83872,-32673.75859,34758.34293,2084.584334,487.4531347,20256.29186,-0.01196,-92435.245,5.211460834,2.605730417
268,CA_San.Francisco.Intl,Office,10,0.04275169,LMPs DA,900,450,0,1,0.92,0.5,24,12,-513932.8354,-511967.3633,1965.472054,-134927.6761,-116071.3398,18856.33627,20821.80832,-36937.81033,38903.28238,1965.472054,715.6126971,21537.42102,-0.0194,-113040.402,4.367715676,2.183857838
269,CA_San.Francisco.Intl,Office,10,0.04275169,LMPs DA,1000,500,0,1,0.92,0.5,24,12,-513932.8354,-512116.1834,1816.651927,-134927.6761,-114922.0689,20005.60715,21822.25908,-41179.32046,42995.97239,1816.651927,955.7885712,22778.04765,-0.02598,-134257.62,3.633303853,1.816651927
270,CA_San.Francisco.Intl,Office,10,0.04275169,LMPs DA,2000,1000,0,1,0.92,0.5,24,12,-513932.8354,-514823.8381,-891.0027584,-134927.6761,-103765.666,31162.01006,30271.0073,-79465.68227,78574.67951,-891.0027584,2981.950992,33252.95829,-0.06687,-366397.212,-0.891002758,-0.445501379
271,CA_San.Francisco.Intl,Office,10,0.04458485,LMPs RT,100,50,0,1,0.92,0.5,24,12,-513932.8354,-513152.4938,780.341572,-134927.6761,-128976.3181,5951.357937,6731.699509,-3991.315457,4771.657029,780.341572,0,6731.699509,0.13858,15285.245,15.60683144,7.80341572
272,CA_San.Francisco.Intl,Office,10,0.04458485,LMPs RT,200,100,0,1,0.92,0.5,24,12,-513932.8354,-512677.3799,1255.455445,-134927.6761,-125714.1435,9213.532594,10468.98804,-7927.362175,9182.81762,1255.455445,0,10468.98804,0.09134,11679.848,12.55455445,6.277277223
273,CA_San.Francisco.Intl,Office,10,0.04458485,LMPs RT,300,150,0,1,0.92,0.5,24,12,-513932.8354,-512268.0476,1664.787744,-134927.6761,-123712.2117,11215.46437,12880.25212,-11915.51974,13580.30748,1664.787744,0,12880.25212,0.05946,-290.952,11.09858496,5.549292479
274,CA_San.Francisco.Intl,Office,10,0.04458485,LMPs RT,400,200,0,1,0.92,0.5,24,12,-513932.8354,-511970.6252,1962.210181,-134927.6761,-122256.2549,12671.42114,14633.63132,-15947.55098,17909.76116,1962.210181,0,14633.63132,0.03652,-16412.107,9.811050907,4.905525454
275,CA_San.Francisco.Intl,Office,10,0.04458485,LMPs RT,500,250,0,1,0.92,0.5,24,12,-513932.8354,-511789.3683,2143.467033,-134927.6761,-120914.3654,14013.31069,16156.77773,-20017.75105,22161.21809,2143.467033,91.67498215,16248.45271,0.02062,-33597.259,8.573868132,4.286934066
276,CA_San.Francisco.Intl,Office,10,0.04458485,LMPs RT,600,300,0,1,0.92,0.5,24,12,-513932.8354,-511743.1631,2189.672235,-134927.6761,-119640.9822,15286.69388,17476.36612,-24115.68859,26305.36082,2189.672235,378.1889356,17854.55505,0.0091,-51091.358,7.29890745,3.649453725
277,CA_San.Francisco.Intl,Office,10,0.04458485,LMPs RT,700,350,0,1,0.92,0.5,24,12,-513932.8354,-511773.6865,2159.14887,-134927.6761,-118426.6226,16501.05344,18660.20231,-28235.44067,30394.58954,2159.14887,736.3811542,19396.58346,-0.00018,-69248.422,6.168996772,3.084498386
278,CA_San.Francisco.Intl,Office,10,0.04458485,LMPs RT,800,400,0,1,0.92,0.5,24,12,-513932.8354,-511850.6302,2082.205132,-134927.6761,-117243.4217,17684.25439,19766.45952,-32423.84305,34506.04818,2082.205132,1125.684354,20892.14387,-0.00791,-87947.234,5.20551283,2.602756415
279,CA_San.Francisco.Intl,Office,10,0.04458485,LMPs RT,900,450,0,1,0.92,0.5,24,12,-513932.8354,-511982.9123,1949.923088,-134927.6761,-116071.3398,18856.33627,20806.25936,-36619.11749,38569.04057,1949.923088,1565.365139,22371.6245,-0.01438,-106969.502,4.333162418,2.166581209
280,CA_San.Francisco.Intl,Office,10,0.04458485,LMPs RT,1000,500,0,1,0.92,0.5,24,12,-513932.8354,-512167.4855,1765.349859,-134927.6761,-114922.0689,20005.60715,21770.95701,-40807.46774,42572.8176,1765.349859,2039.777864,23810.73488,-0.02007,-126491.316,3.530699718,1.765349859
281,CA_San.Francisco.Intl,Office,10,0.04458485,LMPs RT,2000,1000,0,1,0.92,0.5,24,12,-513932.8354,-515370.5687,-1437.733378,-134927.6761,-103765.666,31162.01006,29724.27668,-79359.64128,77921.9079,-1437.733378,6892.790557,36617.06724,-0.05477,-339532.742,-1.437733378,-0.718866689
282,CA_San.Francisco.Intl,Office,20,0,None,100,50,0,1,0.92,0.5,24,12,-513932.8354,-513152.4952,780.3401371,-269855.3521,-257952.6362,11902.71587,12683.05601,-3991.299931,4771.640068,780.3401371,0,12683.05601,0.30777,52830.174,15.60680274,7.803401371
283,CA_San.Francisco.Intl,Office,20,0,None,200,100,0,1,0.92,0.5,24,12,-513932.8354,-512677.3799,1255.455445,-269855.3521,-251428.2869,18427.06519,19682.52063,-7927.362175,9182.81762,1255.455445,0,19682.52063,0.22921,69804.651,12.55455445,6.277277223
284,CA_San.Francisco.Intl,Office,20,0,None,300,150,0,1,0.92,0.5,24,12,-513932.8354,-512268.0476,1664.787744,-269855.3521,-247424.4234,22430.92874,24095.71649,-11915.51974,13580.30748,1664.787744,0,24095.71649,0.17736,70463.306,11.09858496,5.549292479
285,CA_San.Francisco.Intl,Office,20,0,None,400,200,0,1,0.92,0.5,24,12,-513932.8354,-511970.6272,1962.208165,-269855.3521,-244512.5098,25342.84228,27305.05045,-15947.52915,17909.73732,1962.208165,0,27305.05045,0.14146,63527.236,9.811040823,4.905520412
286,CA_San.Francisco.Intl,Office,20,0,None,500,250,0,1,0.92,0.5,24,12,-513932.8354,-511770.9552,2161.880181,-269855.3521,-241828.7307,28026.62139,30188.50157,-20010.60975,22172.48993,2161.880181,0,30188.50157,0.11711,54535.291,8.647520722,4.323760361
287,CA_San.Francisco.Intl,Office,20,0,None,600,300,0,1,0.92,0.5,24,12,-513932.8354,-511639.9195,2292.915847,-269855.3521,-239281.9643,30573.38777,32866.30361,-24107.11902,26400.03487,2292.915847,0,32866.30361,0.09927,44245.982,7.643052823,3.821526411
288,CA_San.Francisco.Intl,Office,20,0,None,700,350,0,1,0.92,0.5,24,12,-513932.8354,-511529.4392,2403.396156,-269855.3521,-236853.2452,33002.10687,35405.50303,-28181.89547,30585.29162,2403.396156,0,35405.50303,0.08552,33082.279,6.866846161,3.433423081
289,CA_San.Francisco.Intl,Office,20,0,None,800,400,0,1,0.92,0.5,24,12,-513932.8354,-511439.7856,2493.049749,-269855.3521,-234486.8433,35368.50878,37861.55853,-32271.07462,34764.12437,2493.049749,0,37861.55853,0.07461,21394.052,6.232624373,3.116312186
290,CA_San.Francisco.Intl,Office,20,0,None,900,450,0,1,0.92,0.5,24,12,-513932.8354,-511372.9447,2559.890629,-269855.3521,-232142.6796,37712.67254,40272.56317,-36363.83748,38923.72811,2559.890629,0,40272.56317,0.06578,9421.615,5.688645843,2.844322921
291,CA_San.Francisco.Intl,Office,20,0,None,1000,500,0,1,0.92,0.5,24,12,-513932.8354,-511328.782,2604.053378,-269855.3521,-229844.1378,40011.21431,42615.26769,-40469.75019,43073.80356,2604.053378,0,42615.26769,0.05834,-2981.702,5.208106757,2.604053378
292,CA_San.Francisco.Intl,Office,20,0,None,2000,1000,0,1,0.92,0.5,24,12,-513932.8354,-512474.192,1458.643361,-269855.3521,-207531.332,62324.02012,63782.66348,-77716.86432,79175.50768,1458.643361,0,63782.66348,0.01816,-142236.216,1.458643361,0.72932168
293,CA_San.Francisco.Intl,Office,20,0.10531,Retail,100,50,0,1,0.92,0.5,24,12,-513932.8354,-513152.4938,780.341572,-269855.3521,-257952.6362,11902.71587,12683.05745,-3991.315457,4771.657029,780.341572,0,12683.05745,0.30777,52830.183,15.60683144,7.80341572
294,CA_San.Francisco.Intl,Office,20,0.10531,Retail,200,100,0,1,0.92,0.5,24,12,-513932.8354,-512677.3799,1255.455445,-269855.3521,-251428.2869,18427.06519,19682.52063,-7927.362175,9182.81762,1255.455445,0,19682.52063,0.22921,69804.651,12.55455445,6.277277223
295,CA_San.Francisco.Intl,Office,20,0.10531,Retail,300,150,0,1,0.92,0.5,24,12,-513932.8354,-512268.0476,1664.787744,-269855.3521,-247424.4234,22430.92874,24095.71649,-11915.51974,13580.30748,1664.787744,0,24095.71649,0.17736,70463.306,11.09858496,5.549292479
296,CA_San.Francisco.Intl,Office,20,0.10531,Retail,400,200,0,1,0.92,0.5,24,12,-513932.8354,-511970.6292,1962.206148,-269855.3521,-244512.5098,25342.84228,27305.04843,-15947.50733,17909.71348,1962.206148,0,27305.04843,0.14146,63527.224,9.81103074,4.90551537
297,CA_San.Francisco.Intl,Office,20,0.10531,Retail,500,250,0,1,0.92,0.5,24,12,-513932.8354,-511777.5433,2155.292066,-269855.3521,-241828.7307,28026.62139,30181.91345,-20010.60975,22165.90182,2155.292066,6.588114898,30188.50157,0.11711,54535.291,8.621168263,4.310584131
298,CA_San.Francisco.Intl,Office,20,0.10531,Retail,600,300,0,1,0.92,0.5,24,12,-513932.8354,-511746.0964,2186.738942,-269855.3521,-239281.9643,30573.38777,32760.12671,-24107.11902,26293.85796,2186.738942,106.1769045,32866.30361,0.09927,44245.982,7.289129808,3.644564904
299,CA_San.Francisco.Intl,Office,20,0.10531,Retail,700,350,0,1,0.92,0.5,24,12,-513932.8354,-511731.1627,2201.672694,-269855.3521,-236853.2452,33002.10687,35203.77957,-28181.89547,30383.56816,2201.672694,201.7234619,35405.50303,0.08552,33082.279,6.290493413,3.145246706
300,CA_San.Francisco.Intl,Office,20,0.10531,Retail,800,400,0,1,0.92,0.5,24,12,-513932.8354,-511928.2427,2004.592678,-269855.3521,-234486.8433,35368.50878,37373.10146,-32271.07462,34275.66729,2004.592678,488.4570713,37861.55853,0.07461,21394.052,5.011481695,2.505740847
301,CA_San.Francisco.Intl,Office,20,0.10531,Retail,900,450,0,1,0.92,0.5,24,12,-513932.8354,-513289.7247,643.1106713,-269855.3521,-232142.6796,37712.67254,38355.78321,-36363.85432,37006.96499,643.1106713,1916.781514,40272.56472,0.06578,9421.625,1.429134825,0.714567413
302,CA_San.Francisco.Intl,Office,20,0.10531,Retail,1000,500,0,1,0.92,0.5,24,12,-513932.8354,-514637.2166,-704.3812189,-269855.3521,-229844.1378,40011.21431,39306.83309,-40469.74328,39765.36207,-704.3812189,3308.433959,42615.26705,0.05834,-2981.706,-1.408762438,-0.704381219
303,CA_San.Francisco.Intl,Office,20,0.10531,Retail,2000,1000,0,1,0.92,0.5,24,12,-513932.8354,-529341.038,-15408.20259,-269855.3521,-207531.332,62324.02012,46915.81753,-81488.18468,66079.98209,-15408.20259,17506.75865,64422.57618,0.01946,-138090.14,-15.40820259,-7.704101297
304,CA_San.Francisco.Intl,Office,20,0.12,Low flat,100,50,0,1,0.92,0.5,24,12,-513932.8354,-513152.4952,780.3401371,-269855.3521,-257952.6362,11902.71587,12683.05601,-3991.299931,4771.640068,780.3401371,0,12683.05601,0.30777,52830.174,15.60680274,7.803401371
305,CA_San.Francisco.Intl,Office,20,0.12,Low flat,200,100,0,1,0.92,0.5,24,12,-513932.8354,-512677.3799,1255.455445,-269855.3521,-251428.2869,18427.06519,19682.52063,-7927.362175,9182.81762,1255.455445,0,19682.52063,0.22921,69804.651,12.55455445,6.277277223
306,CA_San.Francisco.Intl,Office,20,0.12,Low flat,300,150,0,1,0.92,0.5,24,12,-513932.8354,-512268.0476,1664.787744,-269855.3521,-247424.4234,22430.92874,24095.71649,-11915.51974,13580.30748,1664.787744,0,24095.71649,0.17736,70463.306,11.09858496,5.549292479
307,CA_San.Francisco.Intl,Office,20,0.12,Low flat,400,200,0,1,0.92,0.5,24,12,-513932.8354,-511970.6272,1962.208165,-269855.3521,-244512.5098,25342.84228,27305.05045,-15947.52915,17909.73732,1962.208165,-7.47E-15,27305.05045,0.14146,63527.236,9.811040823,4.905520412
308,CA_San.Francisco.Intl,Office,20,0.12,Low flat,500,250,0,1,0.92,0.5,24,12,-513932.8354,-511865.7536,2067.081739,-269855.3521,-241828.7307,28026.62139,30093.70313,-20232.71631,22299.79805,2067.081739,113.2319214,30206.93505,0.11722,54651.582,8.268326957,4.134163478
309,CA_San.Francisco.Intl,Office,20,0.12,Low flat,600,300,0,1,0.92,0.5,24,12,-513932.8354,-511779.1393,2153.696093,-269855.3521,-239281.9643,30573.38777,32727.08386,-24373.64689,26527.34298,2153.696093,183.3887214,32910.47258,0.0995,44524.628,7.178986978,3.589493489
310,CA_San.Francisco.Intl,Office,20,0.12,Low flat,700,350,0,1,0.92,0.5,24,12,-513932.8354,-511713.0803,2219.755069,-269855.3521,-236853.2452,33002.10687,35221.86194,-28492.84469,30712.59976,2219.755069,253.5455524,35475.40749,0.08585,33523.281,6.342157339,3.17107867
311,CA_San.Francisco.Intl,Office,20,0.12,Low flat,800,400,0,1,0.92,0.5,24,12,-513932.8354,-511667.848,2264.987372,-269855.3521,-234486.8433,35368.50878,37633.49615,-32626.44511,34891.43248,2264.987372,323.7023214,37957.19847,0.07502,21997.409,5.66246843,2.831234215
312,CA_San.Francisco.Intl,Office,20,0.12,Low flat,900,450,0,1,0.92,0.5,24,12,-513932.8354,-511645.4269,2287.408497,-269855.3521,-232142.6796,37712.67254,40000.08104,-36763.64613,39051.05463,2287.408497,393.8591214,40393.94016,0.06624,10187.338,5.083129993,2.541564996
313,CA_San.Francisco.Intl,Office,20,0.12,Low flat,1000,500,0,1,0.92,0.5,24,12,-513932.8354,-511645.6877,2287.147686,-269855.3521,-229844.1378,40011.21431,42298.36199,-40913.95648,43201.10416,2287.147686,464.0160003,42762.37799,0.05886,-2053.637,4.574295372,2.287147686
314,CA_San.Francisco.Intl,Office,20,0.12,Low flat,2000,1000,0,1,0.92,0.5,24,12,-513932.8354,-513236.249,696.586333,-269855.3521,-207531.332,62324.02012,63020.60645,-78193.80441,78890.39074,696.586333,946.5652739,63967.17173,0.01853,-141040.763,0.696586333,0.348293167
315,CA_San.Francisco.Intl,Office,20,0.04275169,LMPs DA,100,50,0,1,0.92,0.5,24,12,-513932.8354,-513152.4952,780.3401371,-269855.3521,-257952.6362,11902.71587,12683.05601,-3991.299931,4771.640068,780.3401371,0,12683.05601,0.30777,52830.174,15.60680274,7.803401371
316,CA_San.Francisco.Intl,Office,20,0.04275169,LMPs DA,200,100,0,1,0.92,0.5,24,12,-513932.8354,-512677.3799,1255.455445,-269855.3521,-251428.2869,18427.06519,19682.52063,-7927.362175,9182.81762,1255.455445,0,19682.52063,0.22921,69804.651,12.55455445,6.277277223
317,CA_San.Francisco.Intl,Office,20,0.04275169,LMPs DA,300,150,0,1,0.92,0.5,24,12,-513932.8354,-512268.0476,1664.787744,-269855.3521,-247424.4234,22430.92874,24095.71649,-11915.51974,13580.30748,1664.787744,0,24095.71649,0.17736,70463.306,11.09858496,5.549292479
318,CA_San.Francisco.Intl,Office,20,0.04275169,LMPs DA,400,200,0,1,0.92,0.5,24,12,-513932.8354,-511970.6292,1962.206148,-269855.3521,-244512.5098,25342.84228,27305.04843,-15947.50733,17909.71348,1962.206148,-4.50E-16,27305.04843,0.14146,63527.224,9.81103074,4.90551537
319,CA_San.Francisco.Intl,Office,20,0.04275169,LMPs DA,500,250,0,1,0.92,0.5,24,12,-513932.8354,-511771.8801,2160.955229,-269855.3521,-241828.7307,28026.62139,30187.57662,-20010.60975,22171.56498,2160.955229,1.03892177,30188.61554,0.11711,54536.01,8.643820917,4.321910459
320,CA_San.Francisco.Intl,Office,20,0.04275169,LMPs DA,600,300,0,1,0.92,0.5,24,12,-513932.8354,-511725.4482,2207.387167,-269855.3521,-239281.9643,30573.38777,32780.77493,-24189.4798,26396.86696,2207.387167,101.11994,32881.89487,0.09935,44344.341,7.357957224,3.678978612
321,CA_San.Francisco.Intl,Office,20,0.04275169,LMPs DA,700,350,0,1,0.92,0.5,24,12,-513932.8354,-511714.9859,2217.849481,-269855.3521,-236853.2452,33002.10687,35219.95635,-28321.53041,30539.3799,2217.849481,229.0324329,35448.98878,0.08572,33356.615,6.336712802,3.168356401
322,CA_San.Francisco.Intl,Office,20,0.04275169,LMPs DA,800,400,0,1,0.92,0.5,24,12,-513932.8354,-511848.251,2084.584334,-269855.3521,-234486.8433,35368.50878,37453.09311,-32673.75859,34758.34293,2084.584334,487.4531347,37940.54625,0.07495,21892.356,5.211460834,2.605730417
323,CA_San.Francisco.Intl,Office,20,0.04275169,LMPs DA,900,450,0,1,0.92,0.5,24,12,-513932.8354,-511967.3649,1965.470498,-269855.3521,-232142.6796,37712.67254,39678.14304,-36937.79349,38903.26399,1965.470498,715.6126971,40393.75573,0.06624,10186.174,4.367712217,2.183856108
324,CA_San.Francisco.Intl,Office,20,0.04275169,LMPs DA,1000,500,0,1,0.92,0.5,24,12,-513932.8354,-512116.1834,1816.651927,-269855.3521,-229844.1378,40011.21431,41827.86624,-41179.32046,42995.97239,1816.651927,955.7885712,42783.65481,0.05893,-1919.41,3.633303853,1.816651927
325,CA_San.Francisco.Intl,Office,20,0.04275169,LMPs DA,2000,1000,0,1,0.92,0.5,24,12,-513932.8354,-514823.8381,-891.0027584,-269855.3521,-207531.332,62324.02012,61433.01736,-79465.68227,78574.67951,-891.0027584,2981.950992,64414.96835,0.01945,-138139.432,-0.891002758,-0.445501379
326,CA_San.Francisco.Intl,Office,20,0.04458485,LMPs RT,100,50,0,1,0.92,0.5,24,12,-513932.8354,-513152.4938,780.341572,-269855.3521,-257952.6362,11902.71587,12683.05745,-3991.315457,4771.657029,780.341572,0,12683.05745,0.30777,52830.183,15.60683144,7.80341572
327,CA_San.Francisco.Intl,Office,20,0.04458485,LMPs RT,200,100,0,1,0.92,0.5,24,12,-513932.8354,-512677.3799,1255.455445,-269855.3521,-251428.2869,18427.06519,19682.52063,-7927.362175,9182.81762,1255.455445,0,19682.52063,0.22921,69804.651,12.55455445,6.277277223
328,CA_San.Francisco.Intl,Office,20,0.04458485,LMPs RT,300,150,0,1,0.92,0.5,24,12,-513932.8354,-512268.0476,1664.787744,-269855.3521,-247424.4234,22430.92874,24095.71649,-11915.51974,13580.30748,1664.787744,0,24095.71649,0.17736,70463.306,11.09858496,5.549292479
329,CA_San.Francisco.Intl,Office,20,0.04458485,LMPs RT,400,200,0,1,0.92,0.5,24,12,-513932.8354,-511970.6272,1962.208165,-269855.3521,-244512.5098,25342.84228,27305.05045,-15947.52915,17909.73732,1962.208165,0,27305.05045,0.14146,63527.236,9.811040823,4.905520412
330,CA_San.Francisco.Intl,Office,20,0.04458485,LMPs RT,500,250,0,1,0.92,0.5,24,12,-513932.8354,-511789.3683,2143.467033,-269855.3521,-241828.7307,28026.62139,30170.08842,-20017.75105,22161.21809,2143.467033,91.67498215,30261.7634,0.11757,54997.474,8.573868132,4.286934066
331,CA_San.Francisco.Intl,Office,20,0.04458485,LMPs RT,600,300,0,1,0.92,0.5,24,12,-513932.8354,-511743.1631,2189.672235,-269855.3521,-239281.9643,30573.38777,32763.06,-24115.68859,26305.36082,2189.672235,378.1889356,33141.24894,0.10075,45980.511,7.29890745,3.649453725
332,CA_San.Francisco.Intl,Office,20,0.04458485,LMPs RT,700,350,0,1,0.92,0.5,24,12,-513932.8354,-511773.6865,2159.14887,-269855.3521,-236853.2452,33002.10687,35161.25574,-28235.44067,30394.58954,2159.14887,736.3811542,35897.63689,0.08785,36186.971,6.168996772,3.084498386
333,CA_San.Francisco.Intl,Office,20,0.04458485,LMPs RT,800,400,0,1,0.92,0.5,24,12,-513932.8354,-511850.6302,2082.205132,-269855.3521,-234486.8433,35368.50878,37450.71391,-32423.84305,34506.04818,2082.205132,1125.684354,38576.39826,0.07763,25903.714,5.20551283,2.602756415
334,CA_San.Francisco.Intl,Office,20,0.04458485,LMPs RT,900,450,0,1,0.92,0.5,24,12,-513932.8354,-511982.9139,1949.921455,-269855.3521,-232142.6796,37712.67254,39662.59399,-36619.09981,38569.02127,1949.921455,1565.365139,41227.95913,0.06943,15448.858,4.333158789,2.166579394
335,CA_San.Francisco.Intl,Office,20,0.04458485,LMPs RT,1000,500,0,1,0.92,0.5,24,12,-513932.8354,-512167.4855,1765.349859,-269855.3521,-229844.1378,40011.21431,41776.56417,-40807.46774,42572.8176,1765.349859,2039.777864,43816.34203,0.06255,4595.436,3.530699718,1.765349859
336,CA_San.Francisco.Intl,Office,20,0.04458485,LMPs RT,2000,1000,0,1,0.92,0.5,24,12,-513932.8354,-515370.57,-1437.734664,-269855.3521,-207531.332,62324.02012,60886.28546,-79359.48096,77921.74629,-1437.734664,6892.790557,67779.07601,0.02619,-116423.547,-1.437734664,-0.718867332